-- Adminer 4.8.1 MySQL 5.7.11 dump

SET NAMES utf8;
SET time_zone = '+00:00';
SET foreign_key_checks = 0;
SET sql_mode = 'NO_AUTO_VALUE_ON_ZERO';

SET NAMES utf8mb4;

DROP TABLE IF EXISTS `categories`;
CREATE TABLE `categories` (
  `id` bigint(20) unsigned NOT NULL AUTO_INCREMENT,
  `name` varchar(255) COLLATE utf8mb4_unicode_ci NOT NULL,
  `created_at` timestamp NULL DEFAULT NULL,
  `updated_at` timestamp NULL DEFAULT NULL,
  PRIMARY KEY (`id`)
) ENGINE=InnoDB DEFAULT CHARSET=utf8mb4 COLLATE=utf8mb4_unicode_ci;

INSERT INTO `categories` (`id`, `name`, `created_at`, `updated_at`) VALUES
(1,	'運動',	NULL,	NULL),
(2,	'娛樂',	NULL,	NULL),
(3,	'股市',	NULL,	NULL),
(4,	'社會',	'2025-04-06 11:49:46',	'2025-04-06 11:49:46'),
(5,	'房市',	'2025-05-06 10:16:40',	'2025-05-06 10:16:40'),
(6,	'健康',	'2025-05-06 10:16:54',	'2025-05-06 10:16:54'),
(7,	'旅遊',	'2025-05-06 10:17:08',	'2025-05-06 10:17:08'),
(8,	'寵物',	'2025-05-06 10:17:23',	'2025-05-06 10:17:23'),
(9,	'地方',	'2025-05-06 10:17:37',	'2025-05-06 10:17:37'),
(10,	'國際',	'2025-05-06 10:18:20',	'2025-05-06 10:18:20'),
(11,	'兩岸',	'2025-05-06 10:18:36',	'2025-05-06 10:18:36');

DROP TABLE IF EXISTS `editors`;
CREATE TABLE `editors` (
  `id` bigint(20) unsigned NOT NULL AUTO_INCREMENT,
  `staff_id` bigint(20) unsigned NOT NULL,
  `created_at` timestamp NULL DEFAULT NULL,
  `updated_at` timestamp NULL DEFAULT NULL,
  PRIMARY KEY (`id`),
  KEY `editors_staff_id_foreign` (`staff_id`),
  CONSTRAINT `editors_staff_id_foreign` FOREIGN KEY (`staff_id`) REFERENCES `staff` (`id`) ON DELETE CASCADE
) ENGINE=InnoDB DEFAULT CHARSET=utf8mb4 COLLATE=utf8mb4_unicode_ci;

INSERT INTO `editors` (`id`, `staff_id`, `created_at`, `updated_at`) VALUES
(1,	2,	NULL,	NULL);

DROP TABLE IF EXISTS `failed_jobs`;
CREATE TABLE `failed_jobs` (
  `id` bigint(20) unsigned NOT NULL AUTO_INCREMENT,
  `uuid` varchar(255) COLLATE utf8mb4_unicode_ci NOT NULL,
  `connection` text COLLATE utf8mb4_unicode_ci NOT NULL,
  `queue` text COLLATE utf8mb4_unicode_ci NOT NULL,
  `payload` longtext COLLATE utf8mb4_unicode_ci NOT NULL,
  `exception` longtext COLLATE utf8mb4_unicode_ci NOT NULL,
  `failed_at` timestamp NOT NULL DEFAULT CURRENT_TIMESTAMP,
  PRIMARY KEY (`id`),
  UNIQUE KEY `failed_jobs_uuid_unique` (`uuid`)
) ENGINE=InnoDB DEFAULT CHARSET=utf8mb4 COLLATE=utf8mb4_unicode_ci;


DROP TABLE IF EXISTS `favorites`;
CREATE TABLE `favorites` (
  `id` bigint(20) unsigned NOT NULL AUTO_INCREMENT,
  `user_id` bigint(20) unsigned NOT NULL,
  `news_id` bigint(20) unsigned NOT NULL,
  `created_at` timestamp NULL DEFAULT NULL,
  `updated_at` timestamp NULL DEFAULT NULL,
  PRIMARY KEY (`id`),
  KEY `favorites_user_id_foreign` (`user_id`),
  KEY `favorites_news_id_foreign` (`news_id`),
  CONSTRAINT `favorites_news_id_foreign` FOREIGN KEY (`news_id`) REFERENCES `news` (`id`) ON DELETE CASCADE,
  CONSTRAINT `favorites_user_id_foreign` FOREIGN KEY (`user_id`) REFERENCES `users` (`id`) ON DELETE CASCADE
) ENGINE=InnoDB DEFAULT CHARSET=utf8mb4 COLLATE=utf8mb4_unicode_ci;

INSERT INTO `favorites` (`id`, `user_id`, `news_id`, `created_at`, `updated_at`) VALUES
(2,	1,	4,	NULL,	NULL),
(4,	2,	12,	'2025-05-04 11:42:13',	'2025-05-04 11:42:13'),
(5,	1,	143,	'2025-06-01 10:39:16',	'2025-06-01 10:39:16');

DROP TABLE IF EXISTS `friendly_versions`;
CREATE TABLE `friendly_versions` (
  `id` bigint(20) unsigned NOT NULL AUTO_INCREMENT,
  `news_id` bigint(20) unsigned NOT NULL,
  `category` varchar(255) COLLATE utf8mb4_unicode_ci NOT NULL,
  `content` varchar(255) COLLATE utf8mb4_unicode_ci NOT NULL,
  `created_at` timestamp NULL DEFAULT NULL,
  `updated_at` timestamp NULL DEFAULT NULL,
  PRIMARY KEY (`id`),
  KEY `friendly_versions_news_id_foreign` (`news_id`),
  CONSTRAINT `friendly_versions_news_id_foreign` FOREIGN KEY (`news_id`) REFERENCES `news` (`id`) ON DELETE CASCADE
) ENGINE=InnoDB DEFAULT CHARSET=utf8mb4 COLLATE=utf8mb4_unicode_ci;


DROP TABLE IF EXISTS `image_text_paragraphs`;
CREATE TABLE `image_text_paragraphs` (
  `id` bigint(20) unsigned NOT NULL AUTO_INCREMENT,
  `news_id` bigint(20) unsigned NOT NULL,
  `category` tinyint(4) NOT NULL,
  `title` varchar(255) COLLATE utf8mb4_unicode_ci DEFAULT NULL,
  `content` text COLLATE utf8mb4_unicode_ci NOT NULL,
  `order` int(11) NOT NULL,
  `created_at` timestamp NULL DEFAULT NULL,
  `updated_at` timestamp NULL DEFAULT NULL,
  PRIMARY KEY (`id`),
  KEY `image_text_paragraphs_news_id_foreign` (`news_id`),
  CONSTRAINT `image_text_paragraphs_news_id_foreign` FOREIGN KEY (`news_id`) REFERENCES `news` (`id`) ON DELETE CASCADE
) ENGINE=InnoDB DEFAULT CHARSET=utf8mb4 COLLATE=utf8mb4_unicode_ci;

INSERT INTO `image_text_paragraphs` (`id`, `news_id`, `category`, `title`, `content`, `order`, `created_at`, `updated_at`) VALUES
(71,	2,	0,	NULL,	'開季6場比賽敲出4轟，打擊三圍.303/.361/.758、OPS(攻擊指數) 1.119，遮住名字還以為是「法官」賈吉（Aaron Judge）繳出的成績，然而這數據的主人竟是洋基游擊小將——沃爾普（Anthony Volpe）。這位向來不以長打見長的球員，在開季初展現驚人的火力，讓人不禁思考：這波長打爆發，是曇花一現的運氣，還是實力的實質躍進？',	2,	NULL,	NULL),
(72,	2,	0,	NULL,	'提到擊球砲瓦，幾乎不會有人第一時間聯想到沃爾普。過去兩個賽季，他累積33轟的成績固然不差，但相較於聯盟頂尖強打者仍有段距離，2024賽季，他在進攻端的表現更是乏善可陳，平均擊球初速僅87.7英里／小時（聯盟PR值22）、扎實擊球率僅3.9%(聯盟PR值12)，xwOBA為.278，整體進攻效率低於聯盟平均。',	3,	NULL,	NULL),
(73,	3,	0,	NULL,	'樂天金鷲隊40歲老將岸孝之在4月3日對西武獅，先發7局只失掉1分，拿下2025年首勝，也是40歲的第一勝。同時締造了從新人球季起連續19年都拿到勝投的紀錄，岸孝之明年就可以將連續勝投球季邁向連續20年的里程碑。',	2,	NULL,	NULL),
(74,	3,	0,	NULL,	'無獨有偶，這項紀錄的保持人之一石川雅規，在去年6月2日的跨聯盟交流戰拿下第一勝之後，從2002年到2024年連續23年都創造勝投，追平了工藤公康、山本昌、三浦大輔等一代強投，成為NPB紀錄保持人。今年他只要拿下1勝，就將以連續24年單獨成為NPB史上最「神獸級」的紀錄創造者。石川雅規今年狀況維持得不錯，是原定主場開幕戰的先發，極有可能再創個人以及NPB里程碑。',	3,	NULL,	NULL),
(75,	4,	0,	NULL,	'NBA球評柏金斯(Kendrick Perkins)大膽預言，「今年雷霆是隊史最強球隊，他們擁有年度MVP規格球星亞歷山大，還有霍姆葛倫和威廉斯兩個全明星級別主力，陣容深度比大西洋還深，我肯定他們會打進總冠軍賽。」',	2,	NULL,	NULL),
(76,	4,	0,	NULL,	'雷霆4月3日以119：103擊敗活塞，64勝12敗戰績聯盟第一，例行賽還剩下6場，挑戰單季70勝並非不可能。NBA歷史上首支達季賽70勝是1995-96球季公牛隊72勝10負，第二支則是2015-16球季勇士，更打出73勝9負戰績。',	3,	NULL,	NULL),
(77,	5,	0,	NULL,	'備受矚目的道奇超級新星佐佐木朗希在大聯盟的前兩場先發都表現不盡理想，尤其第2場先發控球持續大走鐘，只投了1.2局就用了61球，並投出4次保送失2分。兩場先發下來佐佐木朗希的問題顯然在控球，他共投4.2局就投出9次保送，保送率高達17.4，同時他還是目前全聯盟的保送王，對他來講可說是震撼教育。其實不少強力三振型的日職王牌挑戰大聯盟之初都像佐佐木朗希一樣遇到控球問題，畢竟打者強度比過去高上一截，且比賽型態也需要適應，因此會需要花些時間克服。',	2,	NULL,	NULL),
(78,	5,	0,	NULL,	'佐佐木朗希在日職時期的控球表現相當不錯，四年通算保送率為2.0，最好的2022、2023年還分別有1.6、1.7，實在難以想像他到大聯盟前兩場的保送率會來到爆表的17.4。不過他的經驗其實幾位鼎鼎大名的前輩也遇過，包括早期的野茂英雄、伊良部秀輝，中期的松坂大輔與井川慶，以及現役的達比修有、菊池雄星與千賀滉大。',	3,	NULL,	NULL),
(79,	6,	0,	NULL,	'金秀賢因陷入和未成年交往疑雲，演藝形象重創，他參與的綜藝節目「Good Day」連帶被觀眾罵爆，製作單位乾脆全部剪光他錄好的鏡頭，在最新一集播出的內容中，直接從畫面中間把金秀賢剪掉再左右拼起來，導致畫面上出現一條白線。',	2,	NULL,	NULL),
(80,	6,	0,	'null',	'金秀賢在和金賽綸的戀情曝光後，原本還按照既定行程參與「Good Day」錄影，導致製作單位挨批。節目方隨後表示「會盡可能剪掉金秀賢的畫面」，他已經錄好的單獨錄音畫面也不會播出。www',	3,	NULL,	NULL),
(81,	7,	0,	NULL,	'宥勝陷入性騷醜聞近兩年，今年2月他到台北地檢署繳交給國庫200萬後，性騷擾官司正式落幕。而隨著官司結束，醞釀月餘，宥勝7日晚間透過社群宣告「重啟頻道，重新出發」。',	2,	NULL,	NULL),
(82,	7,	0,	NULL,	'宥勝2023年被爆曾對公司女員工襲胸、強吻，接著陸續有3名女子發聲指控也是受害者，宥勝遭依強制猥褻起訴，一審期間，宥勝雖認罪，但被發現有向被害人串供之嫌，法官認為他沒有悔悟之心，造成被害人二次傷害，判他8個月有期徒刑。二審開庭時，宥勝表達有悔悟之心，庭外兩度鞠躬道歉，又在臉書發文懺悔，希望獲得緩刑機會，最終二審被判處8個月刑期，但宣告緩刑5年、須向公庫支付200萬元，另外還要到指定的機構完成被害人處遇治療計畫。',	3,	NULL,	NULL),
(83,	8,	0,	NULL,	'今天台股受川普對等關稅政策影響，迎來史詩級崩盤，讓不少股民相當恐慌，星座專家唐綺陽因準確預言而享有「國師」美譽，她今在社群透露出3個關鍵時間點，鼓勵大家「輕鬆點」，未來一起加油。',	2,	NULL,	NULL),
(84,	8,	0,	NULL,	'唐綺陽在文中一開頭便寫下「很多人今天不好過，經濟動盪，股市綠油油，不過，來，記住以下3個時間」，她表示第一個時間點是今晚7點，「今晚7點水星順行了，謎底揭開，不再莫名地卡（再卡就要檢討自己）」，第2個時間點是4月13日，金星也順行，「錢、健康」的事又恢復推動，比較有方向，無力感降低（再幾天吧，顯然要讓子彈再飛一會兒）」。',	3,	NULL,	NULL),
(85,	9,	0,	NULL,	'美國總統川普的對等關稅政策引發全球股災，台股也不例外，投資人今早一片哀鴻遍野，也是受災戶的網紅Joeman今更新社群影片，影片中的他竟在公園吃土，字幕還打「真的吃」，完美詮釋今天股民的心聲。',	2,	NULL,	NULL),
(86,	9,	0,	NULL,	'Joeman在影片中坐在公園，對著手機另一頭說「我在一個四周都是綠綠的地方，我發現了一個大秘密，土如果配上一點砂糖，吃起來就像OREO欸，太賺了」，接著毫不猶豫將砂糖放進土裡，直接放進嘴巴，演繹台股重挫後血虧只能「吃土」的慘況，影片上傳後，立刻引發網友熱議，網紅酷炫留言寫「已經跌瘋了」，其他網友笑虧他的精神狀態不像是演的，還有人敲碗「求拍公園對決」，成功吸引網友眼球。',	3,	NULL,	NULL),
(87,	10,	0,	NULL,	'豬哥亮的愛女謝金晶今年喜迎出道11周年，鬆口有意離開台灣半年，一圓遊學之夢，考慮前往美國、加拿大2個國家。而她日前與友人自駕暢行北海道，雪景美不勝收，也投保高額保險，她說：「每次旅行都會保旅遊不便險，去滑雪更是要保好、保滿，至少都是平常金額的2倍。」',	2,	NULL,	NULL),
(88,	10,	0,	NULL,	'她出發之前獲知朋友發生滑雪意外，腳骨折住院10天，醫療費用相當驚人，竟超過100萬日幣（約23萬台幣），因此更加警惕自己：「滑雪真的要更加注意，安全第一！」她雖已有滑雪經驗，行前準備也很熟悉，以防萬一仍事先投保不便險。',	3,	NULL,	NULL),
(89,	11,	0,	NULL,	'川普關稅風暴今天重擊台股下殺逾2千點，證交所不僅傍晚出面信心喊話，更提出「問答集」給券商作為「多元擔保品」方案的指引，明示零股、海外有價證券（包括股票、債券）兩大項目將可作為擔保品來替代現金補繳，彌補融資擔保維持率不足，不過投資人可別高興太早，因為目前券商對此態度不一，投資人能否真正受惠於政策美意，還大有變數。',	2,	NULL,	NULL),
(90,	11,	0,	NULL,	'尤其是「零股」能否真正開放成為融資擔保品，券商願否配合，已成為廣大散戶，尤其是小資族能否受惠於金管會政策美意的二大重要關鍵。',	3,	NULL,	NULL),
(91,	12,	0,	NULL,	'全球股市大屠殺，加權指數7日摜破2萬點關卡，下跌9.6%或2065點，收在19,232點，共計60檔台股原型ETF全數跌停、4檔槓桿台股ETF跌停，反之4檔台股反向ETF漲停；資金將目光轉至海外ETF標的，在沒有漲跌限制下，表現更加活潑，共計有11檔海外ETF爆出掛牌以來最大量，包含富邦NASDAQ正2（00670L）、統一FANG+（00757）、國泰費城半導體（00830）等，顯示資金仍然有逢低加碼的傾向。',	2,	NULL,	NULL),
(92,	12,	0,	NULL,	'統計7日成交量創新高的ETF共有11檔，包含群益ESG投等債20+（00937B）成交575,830張、群益優選非投等債（00953B）315,899張、富邦NASDAQ反1（00671R）達124,786張、凱基美國非投等債（00945B）73,247張、國泰費城半導體53,648張、凱基A級公司債（00950B）51,683張、中信NASDAQ（009800）達29,793張、統一FANG+達27,041張、中信美國創新科技（009801）21,300張、富邦NASDAQ正2達14,263張、富邦恒生國企反1（00666R）達5,734張。',	3,	NULL,	NULL),
(93,	13,	0,	NULL,	'美國關稅政策重擊，台股7日狂殺2,065點，寫歷年最大跌點，國內匯市則在中央銀行鐵腕阻貶下，戲劇化上演「豬羊變色」，由重貶1.42角翻為升值3.3分，收在33.055元，為兩周高點；匯銀主管預估，央行至少拋出8億美元抑制新台幣貶幅，加上外資匯出、投信海外基金贖回潮等需求湧現，市場交易熱滾滾，一日爆出25.395億美元的成交巨量。',	2,	NULL,	NULL),
(94,	13,	0,	NULL,	'台股今天雪崩式下跌，央行外匯局局長蔡烱民解釋，主要是消化清明連假期間兩天的賣壓，台股與美股的連動性非常高，但台灣經濟基本面還不錯，外資今天還買超台股逾百億元。',	3,	NULL,	NULL),
(95,	14,	0,	NULL,	'台股7日無量崩跌逾2,000點，代工廠也全數遭血洗，廣達（2382）股價遭摜殺至跌停價210元，廣達董事長林百里、副董事長梁次震單日持股市值共蒸發逾114億元。',	2,	NULL,	NULL),
(96,	14,	0,	NULL,	'廣達7日下跌23元，收在210元，林百里以個人名義持股41萬5,738張，並透過宇誠投資公司持股4,400張，單日持股市值就大幅縮水約96.63億元；副董事長梁次震持股8萬2,645張，帳面財富也縮水約19億元。',	3,	NULL,	NULL),
(97,	15,	0,	NULL,	'川普政府關稅海嘯引起全球股災，台股今日開盤補跌。證券交易所表示，今日跌停上市證券計936檔，依現行規定次日將受到禁止平盤下放空的管制措施，此舉有助於適度減少投機性放空對股市的衝擊，並降低市場因恐慌情緒所引發的震盪風險。',	2,	NULL,	NULL),
(98,	15,	0,	NULL,	'為避免今日台股開盤遭惡意放空，6日金管會將借券賣出委託數量從30%降至3%。證交所指出，觀察過去大盤走勢較為劇烈下跌時，借券賣出成交值會較前一日大增，所以將今日盤中可借券賣出委託數量調降為3%，對比2日借券賣出成交值104億元，今日借券賣出成交值15億元，較前一交易日減少86%，應有達到抑制空方賣壓效果。',	3,	NULL,	NULL),
(99,	16,	0,	NULL,	'高雄市岡山區岡山路620號前台水管線，今晚7時許突然破管，導致路面出現1個深度約1.2公尺的坑洞，1輛拖板車的輪胎因此陷入洞中，工務局表示，已派人在現場警戒，呼籲往來車輛小心通行。',	2,	NULL,	NULL),
(100,	16,	0,	NULL,	'工務局表示，挖管中心今晚7時許接獲通報，指稱省道台1線岡山區岡山路620號前板車身陷路面坑洞，工務局立即通知管線單位到場現勘，捷運局也協助進行交維佈設與動員義交指揮交通。',	3,	NULL,	NULL),
(101,	17,	0,	NULL,	'之前嘉義網紅「鳳梨」公司門口遭人潑紅漆，隔天警方即捉到涉嫌潑漆的陳姓男子，他聲稱不滿網路言論犯案，警方依毀損罪嫌送辦；今天晚上嘉義另名網紅「安哥」位於嘉義市的公司遭男子潑漆，警方已介入調查中。',	2,	NULL,	NULL),
(102,	17,	0,	NULL,	'據悉今天晚上7點半左右，有名平頭戴眼鏡穿黑衣短褲男子出現在「安哥」位於市區民生南路的公司前，拿著油漆桶朝著大看板潑灰色油漆，然後從容不迫地離去。',	3,	NULL,	NULL),
(103,	18,	0,	NULL,	'屏東縣里港警分局今傍晚6點多接獲報案，里港鄉里港大橋發生車禍，65歲陳男駕駛曳引車不明原因自撞分隔島，肇事後離開現場跑到橋下，警方在橋下發現陳男，陳男酒測值達每公升0.61毫克，警詢後依公共危險罪移送檢方偵辦。',	2,	NULL,	NULL),
(104,	18,	0,	NULL,	'警方調查，今天傍晚6點19分接獲報案，65歲陳男開曳引車，由里港鄉里港大橋北往南方向行駛，因不明原因突自撞分隔島，肇事後陳男沒有留在現場處置，經現場民眾指認，陳男跑到橋下，警方到場後，在里港大橋下方附近發現肇事陳男，對陳男酒測，發現陳男酒測值達每公升0.61毫克，酒測值超標，依公共危險罪偵辦。',	3,	NULL,	NULL),
(105,	19,	0,	NULL,	'新北市淡水區1名21歲女大學生，今天傍晚5時許被發現倒臥在租屋處，救護人員獲報到場，發現女子已失去呼吸心跳，救護人員進行CPR後緊急將她送往淡水馬偕醫院，目前仍命危急救中。確切案發原因正由警方調查中。',	2,	NULL,	NULL),
(106,	19,	0,	NULL,	'安心專線：1925｜生命線協談專線：1995｜張老師專線：1980',	4,	NULL,	NULL),
(107,	20,	0,	NULL,	'李姓男子沒有證券投資顧問證照，卻在網路平台開辦「課程」，發表股市預測及分析文章，招募會員，扣除平台分潤兩成，半年共獲取報酬357萬9433元。法官審理後，認定李男違反證券投資信託及顧問法，判刑6個月，併科罰金100萬元。全案可上訴。',	2,	NULL,	NULL),
(108,	20,	0,	NULL,	'判決指出，李男明知未經金融監督管理委員會許可，不得經營證券投資顧問業務，仍自2021年10月間起至2022年4月間，在網路PPA平台開設取名有「當沖世界」字眼的專案課程。',	3,	NULL,	NULL),
(119,	8,	1,	'對於股災，唐綺陽給出3個時間點給大家參考。',	'uploads/images/YBSW83kxtPs7dL1VRqRpqMeLosl8RIT22tevoVm6.webp',	1,	NULL,	NULL),
(147,	6,	1,	'金秀賢所在處被剪掉後重新拼上。',	'uploads/images/Uk715V2xf3de5SVmhm9fujHPDkCbgVV29lccMEzF.webp',	1,	NULL,	NULL),
(148,	6,	0,	'null',	'在最新一集中，G-Dragon親自製作團體歌曲「Telepathy」，還請來金高恩、CL、黃晸珉等好友一同錄音相挺。本該坐在畫面正中間的金秀賢直接被白線取代，簡單粗暴地被消失，其他內容如拍賣明星物品等也都把金秀賢剪得一乾二淨。',	4,	NULL,	NULL),
(149,	11,	1,	'美國總統川普台灣清明連假期間宣布對等關稅措施，針對台灣開徵32%關稅，7日台股一開盤隨即下跌2千多點，個股全面下跌，證交所的顯示的即時股市綠油油的一片。',	'uploads/images/ZjiGb7Lj1SjTq6J7TaotadcWnPW9dRGO3g1Sr9QP.webp',	1,	NULL,	NULL),
(150,	11,	0,	'null',	'金管會雖然周日並未發布平盤下不得放空的規定，但7日上市櫃股票超過9成以上跌停，已使8日的「平盤下都不能放空」形同「自動生效」，經過證交所和櫃買中心盤點，上市公司和上櫃公司各有1039家和847家，跌停的股票分別有936家及766家，合計有1702檔股票將遭限制平盤下不得放空。',	4,	NULL,	NULL),
(151,	11,	0,	'null',	'比起平盤下不得放空，金管會的「多元擔保品」方案開放的程度，在券商將對股民發出融資擔保追繳令的當下，反而更受廣大股民關切，尤其是手中現金部位不足的股民們。而在證交所「暫行措施問答集」中點名開放券商承接作為擔保品的主要有二大標的，一是海外有價證券，二是零股，尤其是後者，最和財力有限的小資族相關，例如很多小資族因為股價太高，連0050這種國民ETF都買零股，而且股價太高已促使很多股民先前大買零股，倘若券商真能受理零股來補繳融資擔保，也可解了小資族短時間內難以籌措的燃眉之急，但倘若券商不願受理零股，而小資族手上又缺乏現股或現金作擔保，恐怕只好含淚被斷頭。',	5,	NULL,	NULL),
(152,	11,	0,	'null',	'對此一家券商高層指出，證交所7日已發函給全體券商執行「多元擔保方案」，這家券商已完成相關程式的修改，「受理零股不是問題！」反而較為困擾的在於「基金」，因為基金並不像股票、債券或是零股，都有黑板上立即可見的牌告價，反而得等到隔日才能知道最新價格，也成為券商在鑑估擔保品價值的障礙；這位高層也指出，零股和現股的擔保性的確有所不同，但由於零股同樣有買賣成交價可立即認定，因此不會成為受理問題。',	6,	NULL,	NULL),
(153,	11,	0,	'null',	'但現在最大問題，在於也有不少券商對於是否配合執行仍保守以對，包括部分券商資訊人員雖然表示對資訊系統沒把握執行，但也有其他券商認為，受理零股擔保的資訊系統的調整其實很容易，現在就看券商自己的配合意願。',	7,	NULL,	NULL),
(154,	11,	0,	'null',	'尤其，金管會或證交所在發函時，仍不忘註記，「是否受理仍授權融資機構（即指券商）自行評估流動性來決定。」換言之，倘若券商不願配合，金管會或證交所頂多增加「道德勸說」，此外並無任何強制力，因此，投資人恐怕不能高興得太早，仍得要看自家下單的券商是否願意配合政策執行，否則只能另覓他法，自求多福。',	8,	NULL,	NULL),
(155,	16,	1,	'一輛拖板車附載怪手沿岡山區台1省道行駛，在靠近岡山路620號前，路面突然塌陷，以致右後側輪胎淪陷。',	'uploads/images/DpT97sUMyg0y9psdFnASOfWJxTwWXF272JxmYPJW.webp',	1,	NULL,	NULL),
(156,	16,	0,	'null',	'據了解，楊姓男子（52歲）駕駛營業大型拖板車附載怪手，沿岡山區台1省道靠近岡山路620號前，路面突然塌陷，以致右後側輪胎淪陷。',	4,	NULL,	NULL),
(157,	16,	0,	'null',	'工務局說，經捷運局開挖後，確認下陷處為台水200mm自來水管路，破管原因經台水表示因來往車輛重壓導致破管。',	5,	NULL,	NULL),
(158,	16,	0,	'null',	'捷運局表示，該區域捷運工程僅施作圍籬，尚未進場施工，該坑洞深約1.2公尺，工務局挖管中心已經派員在現場警戒，並將全力督促台水完成修復，儘早通車，以避免影響市民生活。',	6,	NULL,	NULL),
(159,	16,	1,	'高雄市岡山區岡山路因台水管線破管，昨晚7時許出現1個深度約1.2公尺的坑洞，高市工務局挖管中心已經派員在現場警戒。',	'uploads/images/w4ke6amoMo3XXIkXCfPinQQxYrSuleo1CnkkFPdn.webp',	7,	NULL,	NULL),
(160,	2,	1,	'開季6場比賽敲出4轟，打擊三圍.303/.361/.758、OPS）1.119，這數據的主人竟是洋基游擊小將沃爾普。',	'uploads/images/YhlTcaHVRtCYLwyETfJw85x98W5Sj4y2I3Naie2R.webp',	1,	NULL,	NULL),
(161,	2,	0,	'null',	'但到了2025開季，沃爾普的擊球品質明顯上升：平均擊球初速提升至88.8英里／小時、扎實擊球率（Barrel%）飆升至19.0%，PR值分別提升至43與88，代表他在擊球的力量與擊中球心的能力方面，確實有明顯進步。即便扎實擊球率在長期樣本中可能會出現下修，但在開季這波火力中，沃爾普的進步是有跡可循的。',	4,	NULL,	NULL),
(162,	2,	2,	' ',	'https://www.youtube.com/embed/QsO0-Q7CFZ8',	5,	NULL,	NULL),
(163,	2,	0,	'null',	'深入了解沃爾普的進階數據，我們還是可以看出一些端倪。2025開季至今，他的wOBA高達.463，但xwOBA僅為.388，代表他的實際產出與預期表現之間存在落差，也意味著未來可能會面臨成績校正回歸的情況。另外，雖然揮棒速度從過去的69.5英里提升至71.5英里，確實有些許進步，但距離聯盟平均還有段距離；至於確實擊球率（Square-up Rate，打者實際擊球初速，相對於其揮棒速度和投球速度所能達到最快擊球初速的比例）也有提升跡象，這顯示他更能以理想的仰角和初速擊中球心，並轉化為長打。',	6,	NULL,	NULL),
(164,	2,	0,	'null',	'值得一提的是，沃爾普開季的4發全壘打涵蓋拉打與推打，展現了不同於過去的擊球分布與策略調整，而這或許也正是魚雷球棒帶給他最大的幫助，本季他將球打往中間方向、相反方向的擊球比過去兩年要更多，作為一位不以力量見長的打者，確實擊中球心才能為進攻帶來最大的效益，而這點也可以從他本季生涯最短的揮棒軌跡能略知一二，說明他比起揮大棒式的主流擊球型態，「巧打」才是更適合他打擊策略。',	7,	NULL,	NULL),
(165,	2,	1,	'沃爾普開季的4發全壘打涵蓋拉打與推打，展現了不同於過去的擊球分布與策略調整，而這或許也正是魚雷球棒帶給他最大的幫助',	'uploads/images/9PJ55sP86JcRpRQc90sZKcpuCXPvSPpWzJI7y9NP.webp',	8,	NULL,	NULL),
(166,	2,	0,	'null',	'當然，以目前的樣本數來看，還難以斷定球棒對他帶來的效益，但他在選球上更加穩定、揮棒路徑也更短更緊湊，整體擊球決策的品質有所提升。這些改變比起球棒本身，或許才是他能在開季火力大爆發的真正關鍵。',	9,	NULL,	NULL),
(167,	3,	1,	'樂天金鷲隊40歲老將岸孝之對西武獅先發7局只失掉1分，拿下2025年首勝，也是40歲的第一勝。',	'uploads/images/z6MPqDOOAdrzPuD0swwEfjUgpem3DLDXPuxtnAJC.webp',	1,	NULL,	NULL),
(168,	3,	0,	'null',	'今年45歲的養樂多隊左投石川雅規，原定4月1日養樂多主場開幕戰對廣島隊擔當先發，雖然這場比賽因雨延賽，導致他的紀錄達成必須延後，不過也可以看得出養樂多教練團對他的信任。石川雅規目前生涯累積186勝，雖然以他的年紀以及近幾年的狀況（近2年合計3勝），想要邁向200勝關卡難度相當高，與工藤公康的224勝、山本昌219勝相比較更是難以望其項背。不過投到第45歲，至今還以球界最年長選手的身分在第一線奮戰，相當不容易。',	4,	NULL,	NULL),
(169,	3,	0,	'null',	'工藤公康是從1985-2007年累積224勝以及連續23年勝投，投到47歲才退休。山本昌更是投到50歲引退，成就相當驚人的紀錄，1988-2010年累積219勝。石川雅規與NPB兩大傳奇左投齊名，已經成為養樂多隊史上的經典球星。',	5,	NULL,	NULL),
(170,	3,	0,	'null',	'石川雅規生涯最多勝投為13勝，2008年以2.68防禦率奪下中央聯盟最佳防禦率，則是生涯唯一的一座投手個人獎項。還有另外一項難得的成就是，他從新人球季開始連續23年都有安打產生，因此他本季能否隨著勝投入帳，同時帶進的「新打擊紀錄」，也將成為焦點。石川雅規去年8月4日對巨人擊出右外野安打而締造了新人年開始連續23年安打，然而其實去年他整季9個打數也僅僅只有這1支安打，卻是延續安打價值連城的1支安打。石川雅規生涯打擊率0.156（865個打數135支安打），以一名投手來說是不錯的成績，只是可惜沒有留下任何全壘打。',	6,	NULL,	NULL),
(171,	3,	1,	'45歲的石川雅規從2002年到2024年連續23年都創造勝投紀錄。',	'uploads/images/AfK1Nw2UrCrwZD1TYNtHusHzBjNohejlwnhDpZuS.webp',	7,	NULL,	NULL),
(172,	3,	0,	'null',	'在45歲的石川雅規之後，40歲的岸孝之也是虎視眈眈，主要是他這幾年保養得宜，2020-2024年這5年期間還投出39勝，防禦率也維持一定水準。加上本季第一場比賽拿下勝投（生涯165勝120敗）的內容，配合上原本就具備的精湛投球技術更加老練成熟，極有可能是下一神獸等級的投手。',	8,	NULL,	NULL),
(173,	4,	1,	'雷霆64勝12敗戰績聯盟第一，例行賽還剩下6場，挑戰單季70勝並非不可能，圖為雷霆主力亞歷山大面對突破對手防守。',	'uploads/images/gtY77Tb8ztstJHvU16OIaOudldOz9k9vDwjVuixf.webp',	1,	NULL,	NULL),
(174,	4,	0,	'null',	'對活塞這場16分勝利是雷霆今年球季第50場至少贏10分或10分以上比賽，追平NBA歷史最多紀錄，舊紀錄是1971-72年湖人締造的50場，雷霆還有6場例行賽，創造新紀錄指日可待。',	4,	NULL,	NULL),
(177,	4,	0,	'null',	'雷霆這支NBA最年輕球隊已經締造太多傑出事蹟和超凡表現：',	5,	NULL,	NULL),
(179,	4,	0,	'null',	'1、防守效率第一，進攻效率第三（聯盟唯一攻防效率都排進前三球隊）',	6,	NULL,	NULL),
(180,	4,	0,	'null',	'2、每場抄截10.4次聯盟第一',	7,	NULL,	NULL),
(181,	4,	0,	'null',	'3、每場失誤11.1次聯盟最少',	8,	NULL,	NULL),
(182,	4,	0,	'null',	'4、罰球命中率8成21聯盟第一',	9,	NULL,	NULL),
(183,	4,	0,	'null',	'5、單季50場至少贏10分或10分以上比賽，並列NBA歷史第一',	10,	NULL,	NULL),
(184,	4,	0,	'null',	'6、單季22場至少贏20分以上',	11,	NULL,	NULL),
(185,	4,	0,	'null',	'7、場均5.7次火鍋聯盟第三',	12,	NULL,	NULL),
(186,	4,	0,	'null',	'雷霆第二得分手威廉斯今年球季缺陣12場，第三得分手霍姆葛倫缺陣39場，主力中鋒哈爾特斯坦缺陣23場，但雷霆攻防戰力絲毫不受影響。雷霆陣容深度傲視聯盟，替補後衛維金斯可以跳出砍40分，板凳射手喬依也能站出來砍30分。',	13,	NULL,	NULL),
(187,	4,	0,	'null',	'這是一支進攻、防守都具備精英實力，整季戰績極為穩定，陣容深度和防守對位投籃幾乎沒有缺點的恐怖年輕球隊。',	14,	NULL,	NULL),
(188,	4,	1,	'雷霆第二得分手威廉斯(左)今年球季曾缺陣12場，攻防戰力絲毫不受影響。',	'uploads/images/Spf2cR63IaX0RA0O6XmCHeCvOz91Vk7BolaydgRw.webp',	15,	NULL,	NULL),
(189,	4,	0,	'null',	'雷霆擁有奪冠基本配備：一個年度MVP亞歷山大，兩個球星級青年才俊霍姆葛倫、威廉斯，三星組成核心三巨頭，另外還有一個兩雙籃板中鋒+藍領苦工哈爾特斯坦(場均11.3分、10.8籃板)，以及五個經常輪流挺身而出打出球隊第四號得分手表現角色球員。',	16,	NULL,	NULL),
(190,	4,	0,	'null',	'雷霆能打小個陣容，展現小球快速球風，也能擺上兩個七呎雙塔，打傳統籃球、半場攻防對抗風格，要玩三分跑轟同時搭配精英防守，雷霆更是聯盟今年表現最好球隊。',	17,	NULL,	NULL),
(191,	4,	0,	'null',	'亞歷山大是今年NBA最佳球員和聯盟得分王，場均32.8分、6.4助攻，投籃命中率5成2，三分命中率3成75，他的進攻單打突破能力，各種得分方式是所有對手難解噩夢。',	18,	NULL,	NULL),
(192,	4,	0,	'null',	'216公分長人霍姆葛倫擁有聯盟未來最佳防守球員和火鍋王實力，七呎中鋒哈爾特斯坦是高效籃板手和禁區及苦工，NBA三年級小前鋒威廉斯今年已經成長為聯盟明星，場均21.2分。',	19,	NULL,	NULL),
(193,	4,	0,	'null',	'這也是為什麼柏金斯如此肯定雷霆能打進NBA總冠軍賽底氣。',	20,	NULL,	NULL),
(194,	4,	0,	'null',	'因為太年輕，雷霆仍得接受季後賽籃球和經驗考驗，雷霆需要在季後賽證明他們可以克服所有季後賽經驗法則，創造NBA新世代。',	21,	NULL,	NULL),
(195,	4,	1,	'雷霆(右)能不能取得單季70勝超高標，對湖人這兩場比賽至為關鍵。',	'uploads/images/MHuvmd0GTEiLIitrFuZcUKRIgkkNka8ZPBkMSJKZ.webp',	22,	NULL,	NULL),
(196,	4,	0,	'null',	'雷霆例行賽對勇士1勝2敗，對湖人先取1勝，還有兩場對湖人比賽還沒打，雷霆能不能取得單季70勝超高標，對湖人這兩場比賽至為關鍵。',	23,	NULL,	NULL),
(197,	4,	0,	'null',	'我對雷霆拿下西冠沒有柏金斯那麼樂觀，雷霆很有實力和傲人深度，但NBA季後賽籃球是另一種完全不同的系列賽，除了亞歷山大，雷霆另外兩個明星級核心威廉斯、霍姆葛倫都還很嫩，季後賽嚴厲挑戰還在等著他們。',	24,	NULL,	NULL),
(198,	5,	1,	'道奇超級新星佐佐木朗希在大聯盟的前兩場先發都表現不盡理想，尤其第2場先發控球持續大走鐘。',	'uploads/images/AHPgkUYDqhznDngX0tqoa6rJOAJI5FHDvZquRQRY.webp',	1,	NULL,	NULL),
(199,	5,	0,	'null',	'1995年開啟日本球星挑戰大聯盟大門的野茂英雄其實在日職時期控球就不是很理想，在近鐵5年通算保送率高達5.0。來到大聯盟的第一年他拿下了國聯新人王與三振王，儘管保送率3.7相較日職時期已好上不少，但78次保送數還是排在國聯第2多。野茂生涯的控球從來沒好過，在大聯盟有8年的保送數都排在聯盟前10多，其中2001年在紅襪隊送出了96次保送，是該年美聯的保送王。比野茂晚兩年挑戰大聯盟的伊良部秀輝在日職就以快速球著稱，他在日職的最後兩年保送率分別為3.2與3.4，但來到大聯盟的第一個完整球季(1998年)曾升高到4.0，隔年才降到理想的2.4。',	4,	NULL,	NULL),
(200,	5,	1,	'「平成怪物」松坂大輔來到大聯盟第一年保送率就成長到3.5，且80次保送名列美聯第二多。',	'uploads/images/GreYsV1aQKNx9nBhSKRTQfE7rZKLhHeRWikzwTH2.webp',	5,	NULL,	NULL),
(201,	5,	0,	'null',	'「平成怪物」松坂大輔的落差顯然比野茂和伊良部更大，他在西武的最後一年保送率是相當優異的1.6，但來到大聯盟第一年就成長到3.5，且80次保送名列美聯第二多。2008年他的94次保送和5.0的保送率更是雙雙排在美聯最高。松坂的控球狀況始終無法回到日職時期的水準，大聯盟生涯保送率4.4與日職時期的3.3有明顯差距。與松坂同年挑戰大聯盟的井川慶常被視為最失敗的案例之一，他當年與松坂同樣遇上控球上的麻煩，2007年的保送率高達4.9。但其實井川慶在阪神的最後一年保送率是理想的2.1，很難想像來到大聯盟後控球會走鐘得如此嚴重。',	6,	NULL,	NULL),
(202,	5,	0,	'null',	'就連大聯盟史上最強的日本投手達比修有前兩年也控球不佳。2012年他的保送率為4.2，保送數89排在美聯第4 ; 2013年他雖拿到塞揚獎第2高票，但保送率仍有3.4，保送數80次則排美聯第3，與他在日本火腿最後一年恐怖的1.4保送率落差相當大。但達比修有後來的控球逐年回穩，2020和2022年保送率都是1.7，分別排在國聯第2與第3，展現相當完美的壓制力。',	7,	NULL,	NULL),
(203,	5,	0,	'null',	'菊池雄星是在2019年挑戰大聯盟，他在西武的最後一年保送率是2.5，而來到大聯盟第一年的2.8差距並不大。但2020到2022年都碰上了麻煩，保送率分別飆高到3.8、3.6與5.2，直到2023年才恢復到過往水準。千賀滉大新人年的表現與松坂大輔較為類似，也是三振率與保送率都很高的投手，雖然他得到國聯新人王第二高票，但保送率4.2為全聯盟第4高，77次保送數則為國聯第5，與他在軟銀最後一年的3.1也是有段差距。',	8,	NULL,	NULL),
(204,	5,	1,	'日職挑戰大聯盟後遇上控球問題並不罕見，但有像達比修有最後慢慢調整回來的。',	'uploads/images/eYmmrtXsYcoWlmSOGkFHftOYvP979RKcnuVrYdlu.webp',	9,	NULL,	NULL),
(205,	5,	0,	'null',	'回顧這群日職前輩的經歷，可見挑戰大聯盟後遇上控球問題並不罕見，但有像達比修有最後慢慢調整回來的，也有像松坂大輔一樣回不去的，而「令和怪物」佐佐木朗希也只在大聯盟先發兩場且才23歲，未來還有很長的一段路要走。以他被大聯盟官網名列百大新秀榜首的評價來看，天賦上絕對沒問題，只要能夠調整心態，相信未來還是得以在大聯盟佔有重要的一席之地，成為大聯盟王牌。',	10,	NULL,	NULL),
(206,	7,	1,	'宥勝發影片宣告復出。',	'uploads/images/RqO367SKnGs4JslDfmgKpxSkpyVkfNqEfYlNqFD8.webp',	1,	NULL,	NULL),
(207,	7,	0,	'null',	'宥勝交付罰款200萬後，一度被指可能再度回演藝圈，當時他表示：「目前以友善土地公益為主，努力回饋社會。」如今他拍影片正式宣告復出，決定開啟「宥勝去哪兒」頻道，影片開頭他著白襯衫、梳著小瓜呆頭，言詞懇切：「過去這段時間，因為我曾經做過很不好的事，所以我收到司法的審判，也收到法律的制裁，關於這件事，我想真誠地分享，就是如果犯了法，就應該努力負責、勇於面對，而犯了錯，最重要的是就只有真心懺悔，努力改過，永遠不要再犯。」',	4,	NULL,	NULL),
(208,	7,	0,	'null',	'影片中，宥勝除了感謝法官給機會讓他悔改，也會依照檢察官的指示，努力完成所有該承擔的義務，例如每一兩個禮拜定期到不同單位報到，即所謂到指定的機構完成被害人處遇治療計畫，宥勝向所有曾經相信他的人道歉，他說：「我想跟所有曾經相信宥勝的你說對不起，我讓你們失望了，從今以後為了你們，以後我會努力成為更好的人。」宥勝復出後的首支影片，期許自己能夠重新贏得大眾的信任，為過去的錯誤付出代價，重新做人。',	5,	NULL,	NULL),
(209,	7,	1,	'宥勝發影片坦承受司法審判。',	'uploads/images/DnaqzX11SGbubQGRGETqgrb1pjPSRl4eUXQkOkT6.jpg',	6,	NULL,	NULL),
(210,	8,	0,	'null',	'最後一個時間點是4月18日，「火星離開巨蟹，進入獅子，這是另一個轉折點，把悶聲的內耗，轉為檯面、公開，處理事情更明快（這裡就先不講缺點了）」，文末她暖心喊話：「看著行星的時間表，對照自己生活，是不是比較⋯有盼頭呢？尤其最近刮的是世界級的風，小小的我們想再多也沒有用，就專心顧好自己、守護好家園吧，轉折點陸續到來，大家就輕鬆點，一起加油......」',	4,	NULL,	NULL),
(211,	9,	1,	'Joeman台股血窺只能在公園吃土。',	'uploads/images/GFnPFsLHAwOVT9kt07GFGN3V6Fs4tqAuFNNdPD3m.webp',	1,	NULL,	NULL),
(212,	10,	1,	'謝金晶日前跟友人自駕遊北海道，沿途雪景不斷美翻天。',	'uploads/images/rDFA1mzrhpgXNCky6aKPes1FCyVXC1ZBcaFqHqpN.webp',	1,	NULL,	NULL),
(213,	10,	0,	'null',	'除了保險之外，她說基於安全考量，護具缺一不可，像是護臀、護膝、護腕、護肘、雪鏡以及安全帽都是滑雪必備物品，其中最重要的就是安全帽，無奈表示：「每次待在雪場，看到新手為了美觀不戴安全帽，都很替對方擔心。」她此行享受滑雪快感，更難得的是看到小狐狸、鹿群外出覓食，留下深刻回憶。',	4,	NULL,	NULL),
(214,	10,	0,	'null',	'談及遊學計畫，她說因為英語能力不算太好，選擇美國、加拿大是因為有朋友能夠依靠，想要進修加強語文能力。至於感情空窗多年，想談異地戀嗎？她考量距離太遠無意嘗試，表示自己比較喜歡華人，現在因為工作一路安排至9月，跟所屬豪記唱片討論之後，決定等新專輯籌備工作結束後再安排，很期待盡快完成遊學願望。',	5,	NULL,	NULL),
(215,	10,	1,	'謝金晶日前跟友人自駕遊北海道。',	'uploads/images/9dVDInPdQTb4S4gHNiLplxPaqrjntnTLJxMpINUo.jpg',	6,	NULL,	NULL),
(216,	10,	1,	'謝金晶為滑雪投保2倍以上保額的保險。',	'uploads/images/YBi8fE3cPJnc2844lHf0sZ8kUzpyJzRoYAwu70M6.jpg',	7,	NULL,	NULL),
(217,	12,	1,	'ETF示意圖。',	'uploads/images/UbLXE9TWGIb1QMTbA7oiJnIpe1Ok4KMZqYaYNUqm.webp',	1,	NULL,	NULL),
(218,	12,	0,	'null',	'進一步來看所屬類型，兩檔反向ETF、四檔債券ETF、四檔原型ETF、一檔槓桿ETF。',	4,	NULL,	NULL),
(219,	12,	0,	'null',	'這11檔爆巨量的ETF表現分歧，富邦NASDAQ反1漲14.92%、富邦恒生國企反1漲12.21%、凱基A級公司債跌1.4%、群益ESG投等債20+跌2.63%、群益優選非投等債跌5.87%、凱基美國非投等債跌6.25%、中信NASDAQ跌14.08%、中信美國創新科技跌15.88%、統一FANG+跌16.05%、國泰費城半導體跌20.62%、富邦NASDAQ正2跌27.99%。',	5,	NULL,	NULL),
(220,	12,	0,	'null',	'※免責聲明：本文僅為個人觀點與紀錄，而非建議。投資人申購前需自行評估風險，詳閱公開說明書，自負盈虧。',	6,	NULL,	NULL),
(221,	13,	1,	'台股示意圖。',	'uploads/images/Z3zQ8epDJBMBvWtY7cNjPDQk0we7a8TUcVHGtmyz.webp',	1,	NULL,	NULL),
(222,	13,	0,	'null',	'蔡烱民坦言，匯市今天上午觀望氣氛濃厚、交易略見失衡，「央行確實有進場調節」，不過到了下午，匯市供需已轉為平衡，並強調「匯市由貶轉升，是市場供需決定」。',	4,	NULL,	NULL),
(223,	13,	0,	'null',	'蔡烱民表示，自今年4月2日美國川普總統宣布對等關稅措施，至今天為止，美元指數累計貶值1.69%，主要貨幣對美元漲跌互見，其中日圓匯率升值2.66%，歐元匯率上漲1.95%，新台幣匯率升值0.1%；人民幣與韓元分別對美元貶值0.55%與0.17%。',	5,	NULL,	NULL),
(224,	13,	0,	'null',	'匯銀主管指出，今天上午台股殺聲震天、狂跌逾2,000點，「全市場都在搶購美元、沒人賣匯」，這就是央行所謂的供需失衡；受此影響，新台幣匯率早盤最低貶至33.23元，最多貶值1.42角。為避免匯市交易失序，匯銀主管說，央行在上午「猛力拋匯」、積極提供市場流動性，估計至少拋出8億美元。',	6,	NULL,	NULL),
(225,	13,	0,	'null',	'匯銀主管也說，外資今天早盤確實有買匯撤出，但力道並不顯著；新台幣匯率重貶，主要是所有的銀行都在搶購美元；不過，午後市場氣氛丕變，不少客戶為規避風險出售海外基金，投信業因應基金贖回潮進場拋匯轉現金，匯市供需轉趨平衡。',	7,	NULL,	NULL),
(226,	13,	0,	'null',	'展望後市，匯銀主管說，新台幣匯率強弱，要先看台股何時能持穩，但從今天逾千家跌停來看，台股短期內仍有賣壓，估計新台幣匯率將維持33~33.5元區間偏弱整理。',	8,	NULL,	NULL),
(227,	14,	1,	'廣達集團。',	'uploads/images/97OdH3wU7vLbbjtooR8yAY2RN7jm96XZwQIQmYwB.webp',	1,	NULL,	NULL),
(228,	15,	1,	'川普政府關稅海嘯引起全球股災，為避免今天台股開盤遭惡意放空，6日金管會將借券賣出委託量上限從30%降至3%。',	'uploads/images/e6kQZtxGK7lAR8YMk8Nos9tj2pvs8NpHaFaKuoNr.webp',	1,	NULL,	NULL),
(229,	15,	0,	'null',	'多元擔保品補繳融資自備款或融券保證金差額部分，可以增進投資人資金調度彈性。證交所表示，目前針對多元擔保品已整理相關問答集並將其發布於國內業務宣導網站，供各證券商參考。證交所呼籲，各證券商應即時提供投資人協助，確保市場運作順暢，並協助投資人妥善應對資金調度需求。',	4,	NULL,	NULL),
(230,	15,	0,	'null',	'今日臺灣加權股價指數收盤指數19232.35點，下跌2065.87點，跌幅為9.70%，一般交易成交值為1472.95億元。另三大法人進出方面（不含鉅額交易），外資買超168.21億元，自營商賣超9.04億元，投信賣超2.36億元，三大法人合計買超156.81億元；其中外資買超台積電1621張，顯示國際投資人對於臺灣核心企業持續關注。',	5,	NULL,	NULL),
(231,	15,	0,	'null',	'美國總統川普於2日公布大規模對等關稅措施，涵蓋所有貿易夥伴，市場對貿易戰擴大及經濟衰退之憂慮升高，導致美國股市主要指數於3、4日大幅走跌，期間道瓊工業指數累積下跌9.26%、標普500指數下跌10.53%、那斯達克指數下跌11.44%、費城半導體指數下跌16.74%，台積電海外存託憑證（ADR）於美國收盤也下跌，跌幅13.84%；近年臺灣資本市場與國際連結程度日增，當國際出現重大事件時，國內臺灣發行量加權股價指數多會與全球市場連動。',	6,	NULL,	NULL),
(232,	15,	0,	'null',	'為因應國內外金融情勢變局，金管會已於6日宣布自7日至11日採行三項股市穩定措施，包括得以其他多元擔保品補繳融資自備款或融券保證金差額、每日盤中借券賣出委託數量由原不超過單一證券前30個營業日之日平均成交數量30%調降為3%、上市及上櫃證券最低融券保證金成數由90%調整為130%，其後亦將持續關注國際金融情勢變化及國內資本市場狀況，適時調整上述股市穩定措施。',	7,	NULL,	NULL),
(233,	15,	0,	'null',	'證交所指出，面對國際情勢造成市場波動，應回歸基本面理性評估，審慎理性面對近期臺股震盪走勢，證交所將密切注意相關國際事件對臺股市場之影響，倘股市發生非理性連續下跌，證交所將適時發布正確訊息，鼓勵上市公司加強與投資人溝通，如舉辦業績發表會、法人說明會等，讓投資人瞭解公司因應措施，亦持續督促上市公司落實執行買回庫藏股、發布重大訊息說明美國關稅政策重大影響及因應措施，加強落實資訊透明度，並配合主管機關政策，採取各項穩定市場措施。',	8,	NULL,	NULL),
(234,	17,	1,	'嘉義又傳網紅遭潑漆，有名男子今晚提桶油漆朝網紅「安哥」的公司潑漆，過程還上傳社群媒體。',	'uploads/images/A65VSp1uN03gzyf43GkQitTQsEVZOFB0acSWYVJD.webp',	1,	NULL,	NULL),
(235,	17,	0,	'null',	'影片被上傳至社群媒體，在地方網路瘋傳，警方獲悉後已進行調查。',	4,	NULL,	NULL),
(236,	17,	0,	'null',	'「安哥」是近2、3年來以「安哥碎碎唸」崛起的網紅，有網友傳網紅「安哥」太太驟逝，妻子家人懷疑和家暴有關，「安哥」於臉書、抖音等社群媒體一再澄清，甚至不惜到廟宇發誓，強調檢警都調查中，相信會還他清白。',	5,	NULL,	NULL),
(237,	17,	0,	'null',	'如今事件還沒釐清，今晚就傳出遭潑漆，是否有相關，警方持續調查中。',	6,	NULL,	NULL),
(238,	17,	2,	'嘉義又有網紅遭潑漆 警方調查中',	'https://video.udn.com/embed/news/1303927',	7,	NULL,	NULL),
(239,	18,	1,	'屏東縣里港鄉里港大橋今天傍晚6點多，65歲陳男駕駛曳引車不明原因自撞分隔島。',	'uploads/images/QSC7N9Y63pqYYdGq1AqZzLFlv81bz1HJeh9fjn33.webp',	1,	NULL,	NULL),
(240,	18,	0,	'null',	'警方呼籲，切勿酒後駕車，並注意車前狀況及路況，遵行道路速限與相關標誌、標線，以免發生意外。',	4,	NULL,	NULL),
(241,	18,	0,	'null',	'※ 提醒您：禁止酒駕 飲酒過量有礙健康',	5,	NULL,	NULL),
(242,	18,	1,	'屏東縣里港鄉里港大橋今天傍晚6點多，65歲陳男駕駛曳引車不明原因自撞分隔島。',	'uploads/images/uiOuZReXhVuN2LJkNlr1EyZJgFWQbT31PU1qTpCu.webp',	6,	NULL,	NULL),
(243,	18,	1,	'屏東縣里港鄉里港大橋今天傍晚6點多，65歲陳男駕駛曳引車不明原因自撞分隔島。',	'uploads/images/V8jX5k66QybOW3SrGyPvTGKm5MkhY5QjgS1pLOHC.webp',	7,	NULL,	NULL),
(244,	18,	1,	'屏東縣里港鄉里港大橋今天傍晚6點多，65歲陳男駕駛曳引車不明原因自撞分隔島。',	'uploads/images/QLRiYlaplAgmLzPpxLxq6lJJZdbZnZHshYcBzL5h.webp',	8,	NULL,	NULL),
(245,	18,	2,	'曳引車司機行經里港大橋自撞分隔島還肇逃 原來是酒駕',	'https://video.udn.com/embed/news/1303925',	9,	NULL,	NULL),
(246,	19,	1,	'救護人員緊急將女子送醫急救，圖為救護車示意圖。',	'uploads/images/T3pjjjTsCvbgYnpTm47bPDtZ5LNOTMpZZtspUUpk.jpg',	1,	NULL,	NULL),
(247,	19,	0,	'null',	'★珍惜生命，若您或身邊的人有心理困擾，可撥打',	3,	NULL,	NULL),
(248,	20,	1,	'李姓男子沒有證券投資顧問證照，在網路平台開辦「課程」，發表股市預測及分析文章招募會員。基隆地院法官審理後，認定李男違反證券投資信託及顧問法，判刑6個月，併科罰金100萬元。',	'uploads/images/Rn11LgCtbRR3ImdR3imD10yaCGkFwFqzxzqPtHIX.webp',	1,	NULL,	NULL),
(249,	20,	0,	'null',	'李男每天發表盤前股市預測及股市分析文章，提供特定股票漲跌預測、買賣時點、價位等分析意見，或推薦介紹建議給訂閱課程的會員，並向會員收取每月999元或1599元費用，其中1599元方案會員，可加入通訊軟體LINE群組，向李男詢問關於股票投資意見。',	4,	NULL,	NULL),
(250,	20,	0,	'null',	'開設平台的公司扣除會員訂閱費2成作為平台分潤費用，剩餘8成款項匯款至李男的銀行帳戶，統計李男非法經營證券投資顧問業務約半年，共獲取報酬357萬9433元。',	5,	NULL,	NULL),
(251,	20,	0,	'null',	'法務部調查局基隆市調查站將全案移送基隆地檢署偵辦，檢察官偵查後，依違反證券投資信託及顧問法起訴李男。',	6,	NULL,	NULL),
(252,	20,	0,	'null',	'基隆地方法院審理時，李男坦承犯行，且有證人即課程會員多人證述、李男相關臉書擷圖、網路平台頁面，以及李男刊登課程文章、收入明細及訂閱用戶基本資料、金融監督管理委員會函等事證，認定李男自白與事實相符，判刑6月，併科罰金100萬元。',	7,	NULL,	NULL),
(253,	20,	0,	'null',	'法官指出，李男無合法證照經營證券投資顧問業務，規避主管機關監理，擾亂證券市場秩序，危害非輕微，不法所得更高達357萬多元，犯罪情狀不適用刑法第59條減刑規。',	8,	NULL,	NULL),
(254,	20,	0,	'null',	'法官考量坦承犯行，已繳交國庫16萬元犯罪所得，兼衡犯罪手段、危害、素行及自述患有雙向情緒障礙症等情狀，有期徒刑易科罰金以1000元折算1日；罰金易服勞役以3000元折算1日。尚未扣案犯罪所得近342萬元沒收。',	9,	NULL,	NULL),
(255,	20,	0,	'null',	'李男的辯護人請求宣告緩刑，但因李男在判決前5年內，曾因公共危險案件判刑4月確定，易科罰金執行完畢，未符要件，無從宣告緩刑。',	10,	NULL,	NULL),
(1626,	120,	1,	'現在店內常駐6隻超人氣店貓。',	'uploads/images/fVIpF2WaFWWVK0Zt0xsrabZlnoFN9IvWnj5gNZpG.webp',	7,	NULL,	NULL),
(1627,	120,	1,	'貓欸的美食也是顧客不斷回訪的重要原因之一！',	'uploads/images/87tIaV3mY8dyrEYGqja3d3xyphbdZN5QduQFZeqU.webp',	11,	NULL,	NULL),
(1628,	120,	1,	'如果你住在板橋、又剛好是貓派，肯定聽過這間位於新埔商圈的超人氣貓咖「貓欸Camulet」',	'uploads/images/HW8YBqRFaZWRjWU0ZJTgXr89MANLhwG2YfgoitCV.webp',	1,	NULL,	NULL),
(1629,	120,	1,	'',	'uploads/images/6831849a5634e_image1.png',	8,	NULL,	NULL),
(1630,	120,	1,	'如果你喜歡貓咪，也考慮領養貓咪，歡迎到貓欸來看看。',	'uploads/images/69cIoBvsIc7KavpS5pofmFqGe45fVHDeuXSlg8Ne.webp',	12,	NULL,	NULL),
(1631,	120,	1,	'店內最吸睛的還有超大型貓抓柱，與橫跨空中的天空貓咪步道。',	'uploads/images/26iEzVyP9g949RUuwo4UP0vPAUE2e7uZdVxgtcRA.webp',	5,	NULL,	NULL),
(1632,	120,	0,	'',	'如果你住在板橋、又剛好是貓派，肯定聽過這間位於新埔商圈的超人氣貓咖「貓欸Camulet」！貓欸位在熱鬧的新埔商圈，距離捷運新埔站只需步行3分鐘，很快就能踏入可愛喵星人的世界。《寵物部落》小編前往拍攝當天，雖然是店休日，玻璃窗外還是聚集了不少被貓咪魅力吸引的路人，完全印證了這家店的高人氣。',	2,	NULL,	NULL),
(1633,	120,	0,	'',	'聊到創店初衷，創辦人舞喵的開店動機很單純，一切就是為了她的愛貓MIUMIU。「當時我覺得家裡空間太小，MIUMIU沒有足夠的活動空間，加上我本身也想開早午餐店，因此萌生開貓咖的念頭。」但創業對舞喵來說，並不是隨便的挑戰，她說：「很多人出國時會特地造訪當地的貓咖，我也希望這裡成為一個國內外貓奴都想來朝聖的地方。」這句話既展現了舞喵對貓咪的愛，也透露出她對這間店滿滿的期許。',	3,	NULL,	NULL),
(1634,	120,	0,	'',	'從進門那一刻，就能感受到貓欸為貓咪安全設計的細節和用心。「你應該很少看到餐廳一進門就有洗手台吧？」舞喵表示，希望客人可以先洗手再摸貓貓；用餐區則是和室設計，「客人直接坐在地板上，視線能與貓咪平行，這樣才能完全沉浸在貓咪的世界裡。」店內最吸睛的還有超大型貓抓柱，與橫跨空中的天空貓咪步道，舞喵也表示，希望這些設計也能讓客人獲得一些打造「貓宅」的靈感！',	4,	NULL,	NULL),
(1635,	120,	0,	'',	'現在店內常駐6隻超人氣店貓，包括親人系美短「琪琪」、最愛拍屁屁的美短緬因波斯米克斯「妹妹」、俄羅斯藍貓「雷特」、英短「居妹」、黑貓「黑虎」和白貓「小藍」。貓欸也有做中途貓送養，但舞喵很重視貓咪的心理狀態，所以中途貓的數量會控制在4-6隻，避免導致貓咪生活空間被擠壓而產生壓力。現在店內常駐6隻超人氣店貓。',	6,	NULL,	NULL),
(1636,	120,	0,	'',	'貓欸的美食也是顧客不斷回訪的重要原因之一！店內餐點主打「不沾手、不噴濺」，其中義大利貓耳朵麵是招牌菜色，紅醬、青醬全是手工自製，每一口都能吃到滿滿誠意。另外，貓欸的菜單還會依據季節更換，例如春天有大阪燒、夏天有特殊口味的貓耳朵（如海苔紫蘇）、秋天有咖哩飯、冬天有火鍋，不管你什麼時候來訪，都有驚喜等著你。',	9,	NULL,	NULL),
(1637,	120,	0,	'',	'如果你喜歡貓咪，也考慮領養貓咪，歡迎到貓欸來看看。舞喵也鼓勵大家：「喜歡貓，不如先來現場跟牠們相處，知道牠們的可愛之處，然後評估適不適合。」養貓是一輩子的責任，愛牠就要終養牠。',	10,	NULL,	NULL),
(1638,	120,	2,	'',	'https://www.youtube.com/embed/VFoPRMMTTg0',	13,	NULL,	NULL),
(1639,	121,	1,	'同地點又被拍！瑞士測速相機拍下「違規超速鴨」 警方傻眼：疑似慣犯',	'uploads/images/UMMrAoRAnhPOZLSmsRsRfPbE5cA81QHY1dwbGm3s.webp',	1,	NULL,	NULL),
(1640,	121,	0,	'null',	'根據《BBC》報導，瑞士克尼茨（Koeniz）有台測速照相機日前拍到非常特別的超速照片，竟然是一隻綠頭鴨以時速52公里「超速行駛」。更有趣的是，同一台相機在7年前的同一天，也曾拍下一隻超速鴨，甚至時速也是52公里，警方不排除很可能是同一隻慣犯鴨。',	2,	NULL,	NULL),
(1641,	121,	0,	'null',	'克尼茨市府於臉書粉專「Gemeinde Köniz」分享一張大家想都沒想過的違規照片，今年4月13日測速照相機在某個限速30公里的路段，拍下一隻綠頭鴨以時速52公里疾駛而過，不意外沒能躲過國家級追焦，照片立刻引起執法人員以及網友們的關注。',	3,	NULL,	NULL),
(1642,	121,	0,	'null',	'然而有趣的事實不只這樣，在2018年的4月13日，同一地點同台相機竟然也拍下了一隻鴨子超速，巧的是時速同樣也是52公里，超魔幻的巧合讓不少網友質疑該不會是愚人節玩笑。',	4,	NULL,	NULL),
(1643,	121,	0,	'null',	'然而警方澄清這些全都是真的，並強調測速系統每年都交由瑞士聯邦計量研究所（METAS）校準，照片也會被封存，因此無法被人為造假。',	5,	NULL,	NULL),
(1644,	121,	0,	'null',	'事實上綠頭鴨的壽命約為5到10年，警方表示兩張超速照不排除是同一隻慣犯鴨所為，一連串巧合意外在網路上掀起話題。',	6,	NULL,	NULL),
(1645,	122,	1,	'攝影機捕捉到紅狼媽媽叼著剛出生不久的小寶寶。',	'uploads/images/TBGZiuAjmzsWnex41lXJgpqO96i6HhyNr8Fvha0O.webp',	1,	NULL,	NULL),
(1646,	122,	0,	'null',	'美國紐約州的「狼保育中心」（Wolf Conservation Center,WCC）日前發現一段令人為之振奮的畫面，戶外攝影機捕捉到6隻少見的紅狼（Red wolf）小寶寶順利誕生，這對野外僅存16隻的紅狼族群來說非常重要，無疑是此一瀕危物種能否繼續存活的重大關鍵。',	2,	NULL,	NULL),
(1647,	122,	0,	'null',	'WCC表示，在數周以前就發現了紅狼媽媽「Oak」身形變圓，似乎是準備誕下第二批的新生命。從野外的監視攝影機可以看到，「Oak」在夜色的掩護之下，一一將剛出生不久的小寶寶搬去另一處巢穴，溫柔地用嘴巴一隻一隻叼著，充滿母愛的畫面讓團隊看了相當感動。',	3,	NULL,	NULL),
(1648,	122,	0,	'null',	'後來工作人員檢查發現，「Oak」一共生下了6隻健康的紅狼寶寶，由3隻公狼和3隻母狼組成，靜靜待在窩裡和去年出生的哥哥姐姐和平共處，這樣的畫面對瀕危物種來說格外珍貴。WCC指出，目前野外僅存16隻紅狼，這些寶寶承載著整個物種延續的希望。',	4,	NULL,	NULL),
(1697,	136,	1,	'高雄房市示意圖。',	'uploads/images/yA9Q1IOwZV5NFqApyaNHuuFczhQch6mQcAMmJ4RE.webp',	1,	NULL,	NULL),
(1698,	136,	0,	'null',	'中信房屋指出，近年來在護國神山台積電和產業園區的加持下，高雄房價房價迅速竄升，然而，隨著房市降溫，高雄地區的房價已出現修正。',	2,	NULL,	NULL),
(1699,	136,	0,	'null',	'中信房屋研展室彙整實價登錄資料，統計高雄各行政區平均房價變化，統計排除交易件數未達50件之區域及特殊交易，近一年僅前鎮區與前金區仍呈現正成長，其餘行政區則全面下跌，且跌幅分別落在0.7%~16.4%不等。',	3,	NULL,	NULL),
(1700,	136,	0,	'null',	'對此，中信房屋研展室副理莊思敏指出，在重大建設和剛性需求的支撐下，高雄房價短期內應不致出現大幅崩跌，但預期將進入一段較長時間的盤整期。',	4,	NULL,	NULL),
(1701,	136,	0,	'null',	'莊思敏指出，高雄房價出現回檔，推估主要有以下三點原因，首先，受整體房市降溫影響，市場觀望氣氛濃厚，買方追價意願明顯減弱，直接抑制房價上漲動能。',	5,	NULL,	NULL),
(1702,	136,	0,	'null',	'其次，新建案價格居高難下，促使部分購屋族轉向價格相對實惠的中古屋市場，進而拉低整體成交均價。',	6,	NULL,	NULL),
(1703,	136,	0,	'null',	'第三，許多中古屋屋主持有年限長、取得成本低，議價空間相對充足，在買氣低迷的情況下，部分有資金周轉需求的屋主心態亦開始放軟，願意增加讓利幅度以加速成交。',	7,	NULL,	NULL),
(1704,	136,	0,	'null',	'對於近一年房價下跌16%，跌勢最重的大寮區，中信房屋澄清文山加盟店店長潘素珍指出，大寮區屬於高雄相對外圍的蛋殼區，近年受惠於精華區人口外溢、捷運橘線、81期重劃區、和發產業園區等利多題材的發酵，吸引了不少建商搶進推案，新建案的價格普遍2字頭起跳、個別預售案甚至上看3字頭。',	8,	NULL,	NULL),
(1705,	136,	0,	'null',	'不過，大寮區內亦存在大量屋齡較高的中古屋產品，其成交單價大多落在每坪12-16萬元，新舊屋之間的價格落差相當顯著。近期市場買氣降溫，投資客群紛紛退場，主力買盤回歸自住客群，且買方的購屋決策亦轉趨保守，更傾向選擇CP值較高的中古屋產品，在缺乏新建案拉抬的情況下，大寮整體均價出現下修趨勢。',	9,	NULL,	NULL),
(1706,	136,	0,	'null',	'反觀房價仍穩定成長的前鎮區與前金區，潘素珍指出，這兩區是南高雄早期開發區域之一，也是高雄著名的「富人區」，區內生活機能成熟，商業活絡，住戶結構以自住族群為主，因而具備較強的房市支撐力。',	10,	NULL,	NULL),
(1707,	136,	0,	'null',	'另外，從未來發展性來看，前鎮與前金鄰近亞洲新灣區、高雄軟體園區等重大建設，產業與公共建設紅利持續挹注，也進一步強化了區域房市的增值潛力。因此即便在整體市場走弱的環境下，前鎮區與前金區仍能保持不錯的房價表現。',	11,	NULL,	NULL),
(1708,	136,	1,	'近一年高雄主要行政區平均房價變化。',	'uploads/images/4opGwY7RaQERUsh64uTb1B37mO4NtINV7Eyk7dUI.webp',	12,	NULL,	NULL),
(1709,	137,	1,	'新竹地方法院。',	'uploads/images/7kXemtQHNCHRrvjeyMAY2Kr8eIJ6Ao3RpRVvHoJY.webp',	1,	NULL,	NULL),
(1710,	137,	0,	'null',	'新竹黃姓房東因房客李女的男友許男在出租屋內輕生，認為房屋成為凶宅導致交易價值減損，提告要求李女賠償300萬元。新竹地院審理後認定，李女並非許男監護人，不可能無時無刻掌握許男內心狀態，且許男為侵權行為人，李女並無責任，判決駁回房東的訴訟請求。',	2,	NULL,	NULL),
(1711,	137,	0,	'null',	'黃女指出，去年1月將房屋出租給李女，每月租金2萬1000元。她聲稱，李女未經同意便允許許男同住，並在去年8月因爭執，導致許男在屋內輕生，房屋因而成為凶宅，估計減損價值300萬元，遂要求李女賠償。',	3,	NULL,	NULL),
(1712,	137,	0,	'null',	'李女則辯稱，承租時已告知房東她與許男共同居住。輕生屬許男個人行為，不能歸責於她。李女在警方筆錄中表示，許男出獄後短暫住在她處，但因感情問題起爭執，她曾試圖分手。',	4,	NULL,	NULL),
(1713,	137,	0,	'null',	'法官認為，李女非許男監護人，雖為男女朋友關係，但無監督義務。許男剛出獄，精神狀態難以掌控，李女已於許男顯現輕生傾向時通知家人，並無過失。此外，且男女感情維持本無從勉強，爭吵甚至分手乃屬常見，但因此選擇自殺者究非常態，李女應無從預料許男竟有輕生之舉，否則以二人仍同居一處且非拒絕聯絡的情形，若李女能預料許男會自殺，豈有不預防之理？',	5,	NULL,	NULL),
(1714,	137,	0,	'null',	'法官指出，自殺行為並未造成房屋物理性損害，亦未影響房東對房屋的占有與使用權能，房屋所有權未受侵害，房東無權要求李女賠償。實際上許男才是侵權行為的行為人，而非李女，最後判決駁回房東黃女之訴，李女無需負賠償責任。',	6,	NULL,	NULL),
(1715,	137,	0,	'null',	'★珍惜生命，若您或身邊的人有心理困擾，可撥打\r\n安心專線：1925｜生命線協談專線：1995｜張老師專線：1980',	7,	NULL,	NULL),
(1716,	138,	1,	'原PO好奇台灣家庭的浴室適合做「仿清水模」嗎？',	'uploads/images/rBARrfpyXKOfe0h9NdehnkQYuUhsL3uhX5jgqx3c.webp',	1,	NULL,	NULL),
(1717,	138,	0,	'null',	'買房後裝潢是一大工程，不少人都會和設計師討論自己想要的風格、建材等，來完成夢想中的家。有網友在PTT透露自己在臉書看到有人將浴室弄成「仿清水模」，結果過了2年，水泥裂開還脫落，讓人看了很傻眼。',	2,	NULL,	NULL),
(1718,	138,	0,	'null',	'這名網友在PTT以「浴室仿清水模大翻車？」為題發文，並分享3張圖片，他表示在臉書看到有人被裝潢師傅推薦，將浴室改造成時下流行的「仿清水模」，便宜又好看，對方聽從師傅的建議去做，沒想到2年後慘不忍睹。',	3,	NULL,	NULL),
(1719,	138,	0,	'null',	'從這位苦主的照片看到，浴室的牆面和地板發黑、潮濕，泛黃，地面還有水泥裂開、脫落，滿滿的都是坑洞，讓人看了很傻眼。轉貼的原PO也好奇想問大家，「究竟是遇到兩光師父，還是不會保養的業主，又或者是根本不適合台灣的環境呢？」',	4,	NULL,	NULL),
(1720,	138,	0,	'null',	'貼文一出，多數人看了直搖頭，「我自己的看法：白癡才做。非常不好維護，要注意潮濕、撞擊、摩擦等等，弄個浴室結果使用起來，比什麼都還要小心」、「兩光師傅加上自己問題，覺得是預算導致用料跟做工差」、「2年就變廢墟風」、「這樣子還真不如傳統貼磁磚」、「浴室幹嘛仿清水模，超醜的」、「跟公廁差不多」、「浴室的設計就是越方便清潔越好」、「不懂清水模的美在哪？」、「浴室用清水模是什麼奇特想法」。',	5,	NULL,	NULL),
(1721,	138,	0,	'null',	'什麼是「清水模」？其實這是源自於日本的一種建築工法，主要採用混凝土，在施工後不進行任何表面塗裝，直接呈現混凝土的原始質感，並保留模板的印痕和接縫，展現一種極簡的現代風格。',	6,	NULL,	NULL),
(1722,	138,	0,	'null',	'也因為這種工法非常複雜且專業，不僅設計、施工難度高，工時也比較長、造價昂貴，因此才出現類似效果的「仿清水模塗料」，難度降低、費用減少，保養也比較容易。',	7,	NULL,	NULL),
(1723,	138,	1,	'清水模風格裝潢。',	'uploads/images/9TXfJwA6t4DeS7KuJNreq75bbgcbIHTcEZgQGHJO.webp',	8,	NULL,	NULL),
(1724,	139,	1,	'健身房示意圖。',	'uploads/images/ShiMq6mE9c10Deksuj8Er8dljcf5BELlS4PH4O7d.webp',	1,	NULL,	NULL),
(1726,	139,	0,	'null',	'活到100歲未必一定取決於遺傳基因和運氣，英國一位醫學專家指出，只要遵循四大生活準則，也能幫助達到延年益壽，其中包括飲食、運動、睡眠等，而所謂的運動不一定非得上健身房或做多激烈的項目，增加日常活動量才是王道。',	2,	NULL,	NULL),
(1727,	139,	0,	'null',	'根據鏡報（The Mirror）報導，英國索爾福德大學生物醫學科學講師蓋瑞斯奈伊（Dr. Gareth Nye）強調，雖然沒有任何方法能百分之百保證長壽，長壽在某種程度上取決於運氣，但你可以透過行為改變來提升你的運氣。',	3,	NULL,	NULL),
(1728,	139,	0,	'null',	'奈伊指出，基因在壽命中扮演一定角色，約影響整體壽命的20%～30%，涵蓋疾病風險、荷爾蒙平衡與細胞再生速率等因素；約有40%的壽命可從上一代繼承，若父母與祖父母壽命較長，後代也更有可能長壽。',	4,	NULL,	NULL),
(1729,	139,	0,	'null',	'除此之外，改善一些生活習慣，也能幫助延長壽命，以下是奈伊提出的四項長壽關鍵原則：',	5,	NULL,	NULL),
(1730,	139,	0,	'null',	'1. 減少「不活動」的時間',	6,	NULL,	NULL),
(1731,	139,	0,	'null',	'不一定要高強度訓練或上健身房才算是運動，奈伊強調，與其說「運動」，不如說「增加日常活動量」才是長壽之道。',	7,	NULL,	NULL),
(1732,	139,	0,	'null',	'他指出，長壽的人通常在日常生活中更為活躍，而非仰賴規律性的健身計畫。關鍵在於全天增加活動量，避免久坐不動。例如上班族可以選擇站立式辦公桌，或重新規劃通勤方式。',	8,	NULL,	NULL),
(1733,	139,	0,	'null',	'這一觀點也獲得研究支持，有研究指出，每天步行達10500步，可降低39%的早逝風險，以及21%的心臟病與中風風險。另有研究發現，少量高強度活動或快走，可降低40%的失智風險。',	9,	NULL,	NULL),
(1734,	139,	0,	'null',	'奈伊補充，高強度運動最大的問題是難以持續，因此更應該關注日常總體活動量。',	10,	NULL,	NULL),
(1735,	139,	0,	'null',	'2. 重新審視飲食與生活習慣',	11,	NULL,	NULL),
(1736,	139,	0,	'null',	'想要長壽，就必須檢視每日的飲食與生活方式。奈伊指出，應盡可能避免攝取酒精、菸品與高飽和脂肪食品，這些都與多種健康風險有關。',	12,	NULL,	NULL),
(1737,	139,	0,	'null',	'他建議加工食品攝取越少越好，加工食品中含有的防腐劑成分尤其有害。例如，火腿與培根會提高罹患大腸癌的風險。選擇放養或有機的肉類與蔬菜，能降低對身體的負面影響。',	13,	NULL,	NULL),
(1738,	139,	0,	'null',	'他建議，減少攝取額外添加糖與甜點，控制鹽分攝取，人體每日僅需約0.5克鈉，但多數人攝取量高達8.5克，與心血管疾病密切相關。另外良好飲食習慣還有：',	14,	NULL,	NULL),
(1739,	139,	0,	'null',	'‧增加每日水果攝取量，種類越多越好',	15,	NULL,	NULL),
(1740,	139,	0,	'null',	'‧多使用橄欖油',	16,	NULL,	NULL),
(1741,	139,	0,	'null',	'‧減少動物性蛋白攝取',	17,	NULL,	NULL),
(1742,	139,	0,	'null',	'他補充，不一定非得吃新鮮的，冷凍蔬果同樣營養，且更容易加入日常飲食。',	18,	NULL,	NULL),
(1743,	139,	1,	'過度加工食品影響身心健康。',	'uploads/images/VbmxaTqrnDWGxaDWGR5Sv0b6Re8n6RzkjNMXU83b.webp',	19,	NULL,	NULL),
(1744,	139,	0,	'null',	'3. 睡眠不能少',	20,	NULL,	NULL),
(1745,	139,	0,	'null',	'睡眠不僅影響白天精神，更關乎壽命長短。研究指出，每晚睡眠7~8小時的人，早逝風險最低。',	21,	NULL,	NULL),
(1746,	139,	0,	'null',	'2021年一項研究顯示，50至60歲若每晚睡眠少於6小時，罹患失智症的風險會顯著上升。奈伊指出，建議每晚有7~8小時的持續睡眠，這樣早逝風險最低。若少於7小時，早逝風險增加12%；超過ㄚ小時，則可能增加30%，規律的作息才是延壽關鍵。',	22,	NULL,	NULL),
(1747,	139,	0,	'null',	'4. 了解自身風險 定期健康檢查',	23,	NULL,	NULL),
(1748,	139,	0,	'null',	'奈伊提醒，了解自身與家族病史、定期健康檢查是必要的。基因因素估計影響壽命的20%～30%，包括疾病風險等。',	24,	NULL,	NULL),
(1749,	139,	0,	'null',	'根據英國國民保健署對基因檢測的建議，若檢測發現基因異常導致某些健康狀況，其他家族成員也可能受到影響，醫師可能會建議家族成員也接受檢測。此外，檢測結果也可能揭示未曾知曉的家族資訊，例如領養或生父並非原先認知的人。',	25,	NULL,	NULL),
(1750,	140,	1,	'冰淇淋售價從便宜到貴都有，除了品牌差異之外，用料也大不同。',	'uploads/images/936YDGOKz9mAI63JlsVAGj49O836O9KRyUHGVF5s.webp',	1,	NULL,	NULL),
(1751,	140,	0,	'null',	'隨著氣溫越來越高，冰淇淋成了不少民眾最愛的夏日甜點，而冰淇淋不但口味百百種，價格落差也相當大，從幾十塊台幣的親民價格，到一小盒就要價上百塊台幣的都有。對此，日本營養師Yui就從食品成分的角度，和大家分享便宜的冰淇淋和昂貴的冰淇淋有什麼區別。',	2,	NULL,	NULL),
(1752,	140,	0,	'null',	'冰淇淋也有分等級，牛奶含量最高的是這種！',	3,	NULL,	NULL),
(1753,	140,	0,	'null',	'營養師從超市選購兩盒冰淇淋，它們外觀相似，但價差卻高達4.5倍，而且包裝上的名稱標示也不一樣，分別是：「アイスクリーム（Ice Cream）」和「ラクトアイス（Lacto Ice）」，翻成中文就是「冰淇淋」和「雪糕」，然而大多數人並不那麼清楚兩者之間的差異。',	4,	NULL,	NULL),
(1754,	140,	0,	'null',	'原來日本冰品依照「乳固形物含量」和「乳脂肪」可以分為四種等級：',	5,	NULL,	NULL),
(1755,	140,	0,	'null',	'1.冰淇淋等級 「アイスクリーム（Ice Cream）」',	6,	NULL,	NULL),
(1756,	140,	0,	'null',	'乳固形物含量15.0%以上、乳脂含量8.0％以上，因為添加較多牛乳所以乳含量最高，口感濃郁，價格也較貴。',	7,	NULL,	NULL),
(1757,	140,	0,	'null',	'乳固形物含量10.0%以上、乳脂含量3.0％以上，與鮮奶的乳成分比例接近，吃起來比冰淇淋等級清爽又不失奶香。',	9,	NULL,	NULL),
(1758,	140,	0,	'null',	'3.雪糕等級 「ラクトアイス（Lacto Ice）」',	10,	NULL,	NULL),
(1759,	140,	0,	'null',	'4.冰菓',	12,	NULL,	NULL),
(1760,	140,	0,	'null',	'哪種冰淇淋營養價值高？',	14,	NULL,	NULL),
(1761,	140,	0,	'null',	'營養師指出，售價較貴的冰淇淋乳固形物和乳含量較高，而乳固形物指的是牛奶去除水分後的營養成分，包括蛋白質、碳水化合物、維生素等，不同廠牌的冰品成分會有些微差異，但比較100克的冰淇淋以及雪糕，可以發現前者的營養價值更勝一籌：',	15,	NULL,	NULL),
(1762,	140,	0,	'null',	'＊幫助調節血壓的「鉀」多約1.3倍。',	16,	NULL,	NULL),
(1763,	140,	1,	'乳含量高的冰淇淋，奶香濃郁之外，營養成分也較高。',	'uploads/images/cUI0qqM2aLbR4co5ye4lckbPVGDBmHiKDQaRnnXZ.webp',	23,	NULL,	NULL),
(1764,	140,	0,	'null',	'與售價較低的雪糕比較，高價冰淇淋的蛋白質、礦物質和維生素都更高，而且熱量更低，民眾在超市購買冰品之前，不妨比較一下不同產品的成分表，並依自身喜好做選擇。',	24,	NULL,	NULL),
(1765,	140,	0,	'null',	'2.冰淇淋牛奶等級 「アイスミルク（Ice Milk）」',	8,	NULL,	NULL),
(1766,	140,	0,	'null',	'乳固形物含量3.0%以上，雪糕又稱霜淇淋，口感上綿密滑順，因為牛奶含量較少，售價通常比冰淇淋便宜。',	11,	NULL,	NULL),
(1767,	140,	0,	'null',	'幾乎沒有乳含量，這種冰品被歸類在一般食品類，而非冰淇淋類，例如：冰棒、刨冰。',	13,	NULL,	NULL),
(1768,	140,	0,	'null',	'＊預防骨質疏鬆的「鈣」多約1.5倍。',	17,	NULL,	NULL),
(1769,	140,	0,	'null',	'＊維持凝血與造血功能的「維生素 K」多約3倍。',	18,	NULL,	NULL),
(1770,	140,	0,	'null',	'＊能分解碳水化合物的「維生素 B1」多約2倍。',	19,	NULL,	NULL),
(1771,	140,	0,	'null',	'＊維持頭髮和皮膚健康的「維生素 B2」 多約1.3倍。',	20,	NULL,	NULL),
(1772,	140,	0,	'null',	'＊參與蛋白質代謝的「維生素 B6」多約2倍。',	21,	NULL,	NULL),
(1773,	140,	0,	'null',	'＊緩解壓力的「泛酸」多約2倍。',	22,	NULL,	NULL),
(1774,	141,	1,	'洋蔥雖然有助免疫與美容，但吃太多竟會口臭、頭痛、腹瀉？營養師揭露「洋蔥過量」的潛在風險。',	'uploads/images/in0dLqiQMUEbjOgNPkNyDRO2LrUQOAys68JBwy4l.webp',	1,	NULL,	NULL),
(1775,	141,	0,	'null',	'洋蔥營養豐富，是許多家庭料理中不可或缺的食材。但你知道嗎？吃太多洋蔥，可能反而對健康造成傷害。日本具備管理營養師與飲食生活顧問資格的作家「Yukari」提醒，雖然洋蔥有助於增強免疫、美容養生，但過量攝取卻可能引發腹痛、頭痛，甚至讓體味變得難以忽視。',	2,	NULL,	NULL),
(1776,	141,	0,	'null',	'洋蔥促進免疫與血液循環',	3,	NULL,	NULL),
(1777,	141,	0,	'null',	'洋蔥主要食用部分為地下的鱗莖，其獨特的氣味與辛辣感，來自含硫化合物（如：硫化亞磷、異硫化亞磷等）。這些成分在切碎或搗碎時會活化，進一步提升維生素B1的吸收效率，對於疲勞恢復與能量代謝有正面幫助。此外，洋蔥含有維生素C、B6、葉酸、食物纖維與銅，有助維持免疫機能、調整腸道環境、改善皮膚健康與預防貧血等。與豬肉或糙米等富含維生素B1的食材一同攝取，更能提升整體營養價值。',	4,	NULL,	NULL),
(1778,	141,	0,	'null',	'吃太多會怎樣？胃痛、體臭、甚至頭痛找上門',	5,	NULL,	NULL),
(1779,	141,	0,	'null',	'儘管洋蔥富含健康成分，過量食用卻可能帶來反效果。首先，含硫化合物具有強效殺菌力，過多會刺激胃腸，導致胸悶、腹痛、下痢等消化不適；腸道菌叢失衡的狀況也可能因此加劇。其次，洋蔥中的硫化物會隨著血液循環進入全身，經由汗腺與肺部排出，可能造成口臭或體味加重的情況。特別是在胃腸機能較弱或身體疲勞時，這些氣味更容易被釋放出來。更讓人意想不到的是，洋蔥中的某些成分如「酪胺（Tyramine）」可能導致血管擴張與收縮變化，進而引發偏頭痛症狀。這類頭痛往往在進食後幾小時才出現，不易與食物直接聯想在一起。',	6,	NULL,	NULL),
(1780,	141,	0,	'null',	'營養師建議每日不超過50克生洋蔥，加熱可降低刺激性',	7,	NULL,	NULL),
(1781,	141,	0,	'null',	'Yukari建議，成人每日食用洋蔥量應控制在50克（約中型洋蔥1/4顆）以內，特別是生食時更應謹慎。切碎或壓碎後靜置一段時間，或經過充分加熱，有助降低刺激性與不適風險。若想多吃一點，建議選擇烹煮過、煮軟的洋蔥料理，不僅風味更溫和，也較不易引發不良反應。不過，需注意即使加熱也無法減少酪胺含量，因此仍需控制攝取總量。',	8,	NULL,	NULL),
(1782,	141,	0,	'null',	'哪些時候不宜吃洋蔥？身體虛弱或腸胃敏感時請避開生食',	9,	NULL,	NULL),
(1783,	141,	0,	'null',	'在壓力大、熬夜或腸胃不適時，建議避免空腹食用生洋蔥，以免引發腸胃不適。若仍想享用，可在餐前先喝些牛奶，為胃部築起一層保護屏障。總之，洋蔥是一種營養價值高的蔬菜，只要掌握好食用時機與份量，就能避免副作用，發揮其對身體的正面效益。',	10,	NULL,	NULL),
(1784,	144,	1,	'台灣藝術家ALAN HONG「雲朵阿Q」聯名薰衣草森林。',	'uploads/images/CJzdZ7boILgag4Oq0NdTA5E45Tken9cMVFYMdUQT.webp',	1,	NULL,	NULL),
(1785,	144,	0,	'null',	'今夏最療癒！來一場放慢腳步、深呼吸的旅行提案吧，2025年夏季，台中新社薰衣草森林攜手人氣IP「雲朵阿Q」與療癒系旅宿品牌「緩慢民宿 Adagio」，聯手推出期間限定的《緩慢追雲季》。從藝術裝置、香氛好物到森林系體驗旅程，帶你走入自然、釋放壓力，感受心靈與感官的全方位療癒。',	2,	NULL,	NULL),
(1786,	144,	1,	'台灣藝術家ALAN HONG「雲朵阿Q」聯名薰衣草森林。',	'uploads/images/31LCqHMkz03Y1JvejUiptMVmFJmAtGQ4Mr6SbwnK.webp',	3,	NULL,	NULL),
(1787,	144,	0,	'null',	'雲朵阿Q夢幻現身！薰衣草森林迎來超萌打卡熱點',	4,	NULL,	NULL),
(1788,	144,	0,	'null',	'在薰衣草森林台中新社園區的花田之巔，高達三米的「雲朵阿Q」充氣拍照裝置成為今夏最萌亮點。隨風搖曳的雲朵阿Q，不僅是拍照的絕佳主角，也象徵著輕盈、無壓力的旅行心情，搭配著園中初夏藍天與花海，為旅人們營造一場視覺與感受雙重享受的森林之旅。',	5,	NULL,	NULL),
(1789,	144,	1,	'台灣藝術家ALAN HONG「雲朵阿Q」聯名薰衣草森林。',	'uploads/images/K07gyQt2m6OpXNWDQpTGmSMEJnDg7q5o1pbLwx2p.webp',	6,	NULL,	NULL),
(1790,	144,	1,	'台灣藝術家ALAN HONG「雲朵阿Q」聯名薰衣草森林。',	'uploads/images/yFQFCnXZdeDI2zPQ8WO9i8uwvHDwyb3gNZRuKGn0.webp',	7,	NULL,	NULL),
(1791,	144,	0,	'null',	'療癒系香氛組合限量登場！「緩慢追雲盒」將森林香氣帶回家',	8,	NULL,	NULL),
(1792,	144,	0,	'null',	'除了現場打卡，薰衣草森林的生活選品「薰衣草森林 Select」也推出品牌聯名限定「緩慢追雲盒」。內容包含薰衣草輕盈舒緩霜、生津香草茶及絲瓜絡去角質皂等三款熱銷商品，以香草療癒身心。原價1950元的組合，聯名價僅需650元，讓你輕鬆把森林的放鬆氛圍帶回家。',	9,	NULL,	NULL),
(1793,	144,	1,	NULL,	'uploads/images/GHEAffzZsaOVfPQkqsFinLzNmzmm1rLuc57VZNfp.webp',	10,	NULL,	NULL),
(1794,	144,	1,	'台灣藝術家ALAN HONG「雲朵阿Q」聯名薰衣草森林。',	'uploads/images/CQfKET7XmdW2dEQoMrDRgDdHv94SZEO2cK1xCeB3.webp',	11,	NULL,	NULL),
(1795,	144,	1,	'台灣藝術家ALAN HONG「雲朵阿Q」聯名薰衣草森林。',	'uploads/images/sy2wIBvWQYSiAP5hqhxi9d1NU1hv9xpR64RbtDH1.webp',	12,	NULL,	NULL),
(1796,	144,	0,	'null',	'住進森林、一夜好眠，開啟身心覺察之旅',	13,	NULL,	NULL),
(1797,	144,	0,	'null',	'新社薰衣草森林園區佔地超過一公頃，入住其中，晨曦中的蟲鳴鳥叫、薄霧中的芬多精，讓你回歸自然原始節奏，園區更與「本質旅行」合作推出自然瑜伽二日行程，帶領旅人透過呼吸與香草共處，進一步釋放壓力、找回生活平衡。',	14,	NULL,	NULL),
(1798,	144,	1,	'台灣藝術家ALAN HONG「雲朵阿Q」聯名薰衣草森林。',	'uploads/images/GoQsSbTeT3vtAT7VAH98zHQkAF0xkfPrdXFd1CxL.webp',	15,	NULL,	NULL),
(1799,	144,	1,	NULL,	'uploads/images/LVd0YXRpKsjHVn7l433LwqfRi88agyZGncTgHBr1.webp',	16,	NULL,	NULL),
(1800,	142,	1,	NULL,	'uploads/images/Q5TfDiUjnD4hRvut8R5Yji2SDPVjhLDmaiSZmGeZ.webp',	1,	NULL,	NULL),
(1801,	142,	0,	'null',	'炎炎夏日即將來臨，冰品品牌紛紛搶攻味蕾戰場。今夏兩大人氣冰品品牌「CREMIA」和「小美」不約而同推出新品，走的卻是完全不同的風格：一邊是濃厚系的日式茶香，一邊是浪漫系的法式莓果，無論你愛日式茶香還是夢幻莓果，今夏的冰品絕對讓你眼睛一亮、味蕾大開！',	2,	NULL,	NULL),
(1802,	142,	0,	'null',	'CREMIA「日本茶祭」登場！焙茶新品 × 抹茶經典雙強出擊',	3,	NULL,	NULL),
(1803,	142,	1,	'CREMIA「日本茶祭」登場！焙茶新品 × 抹茶經典雙強出擊',	'uploads/images/GZ0SE4fzwQgBnXsZZMOpfnG8NcQuzzpEdTjGjb8x.webp',	4,	NULL,	NULL),
(1804,	142,	0,	'null',	'喜歡濃茶味的朋友看過來～CREMIA這次超有誠意，一口氣端出兩款茶香滿滿的霜淇淋，直接辦起「日本茶祭」啦！',	5,	NULL,	NULL),
(1805,	142,	0,	'null',	'CREMIA主打星「焙茶霜淇淋」新口味，選用的是日本「一番茶刈り直し茶」，經過強火焙煎後，帶有一點木質香、又有自然的甜感，幾乎沒有苦味，加上北海道生乳一起打成濃郁系焙茶冰淇淋，口感濃厚、茶香十足；另一款「宇治抹茶霜淇淋」再度回歸啦！使用來自日本茶鄉的宇治抹茶加上北海道鮮奶油，每一口都是那種滑順又充滿茶香的幸福感，茶控們統統要追！',	6,	NULL,	NULL),
(1806,	142,	1,	NULL,	'uploads/images/2LUGKGwyIlu5gk6XGqglNtG1x1AFYEdEIe8eS6PN.webp',	7,	NULL,	NULL),
(1807,	142,	0,	'null',	'兩款售價都是150元，可搭配原味、巧克力或抹茶餅皮吃起來更過癮，不過要注意的是，高雄新濱町跟台中麗寶門市這次沒有販售喔！',	8,	NULL,	NULL),
(1808,	142,	0,	'null',	'小美再聯名ELLE！「紅粉艾菲」敲開巴黎味覺旅程',	9,	NULL,	NULL),
(1809,	142,	1,	'小美再聯名ELLE！「紅粉艾菲」敲開巴黎味覺旅程',	'uploads/images/2atFIlWgsaBXiipcf3zbmOQMnxULxIlbYiWcZ4H1.webp',	10,	NULL,	NULL),
(1810,	142,	0,	'null',	'延續去年的藍莓卡士達風潮，小美冰淇淋再次聯手時尚品牌 ELLE，推出超浪漫新品 「巧敲冰｜紅粉艾菲 玫瑰莓果」，延續「法國假期」的法式氛圍，整體設計也走高顏值路線，包裝拼貼設計時尚感爆棚！',	11,	NULL,	NULL),
(1811,	142,	0,	'null',	'開蓋後輕輕敲破黑巧克力脆皮，馬上飄出濃濃可可香，接著映入眼簾的是夢幻的粉紅莓果冰淇淋，由覆盆莓和草莓打造的酸甜基底，再加上有機玫瑰花瓣醬的香氣、覆盆莓果乾的點綴，一口下去，酸甜濃香超有層次，今年夏天，走進超商就能感受到巴黎的甜蜜氣息！',	12,	NULL,	NULL),
(1812,	142,	1,	NULL,	'uploads/images/5IEOPZZiNm8RpFAEyPGTBh5NoY8LFMMxPEhoVpXV.webp',	13,	NULL,	NULL),
(1813,	143,	1,	NULL,	'uploads/images/DL5xRE0wZNB4Yap3S68z7pDNaT4khOJE4LFPlrog.webp',	1,	NULL,	NULL),
(1814,	143,	0,	'null',	'拉麵迷有口福了！被譽為東京拉麵之王的「麵屋一燈」強勢插旗中台灣，已於台中勤美誠品盛大開幕，成為品牌在台灣的第4間分店。這次除了帶來經典雞白湯與魚介沾麵，更獻上台中限定口味「松露魚介冠軍沾麵」，並搭配四大超狂開幕優惠，從免費拉麵到東京雙人來回機票快快把握機會朝聖！',	2,	NULL,	NULL),
(1815,	143,	1,	NULL,	'uploads/images/YWUItqzdWc9DsegiccPPN1OgxdnrCciQj98vrHNP.webp',	3,	NULL,	NULL),
(1816,	143,	0,	'null',	'自2017年進入台灣市場以來，麵屋一燈便以濃郁卻清爽的雞白湯、極致講究的魚介沾麵湯頭、以及舒肥處理的叉燒肉深受饕客愛戴，成為許多拉麵控的心頭好。這次台中店不僅是品牌進軍中台灣的首間據點，同時也是慶祝麵屋一燈創立15週年的重要里程碑。',	4,	NULL,	NULL),
(1817,	143,	1,	NULL,	'uploads/images/JnoDaIBrBrbKnmzf3KWftAq9iNjFrxFYdPiY8Ewk.webp',	5,	NULL,	NULL),
(1818,	143,	0,	'null',	'由社長坂本幸彥親自監製推出的台中限定口味「松露魚介冠軍沾麵」，選用魚介高湯為基底，融合松露與特製菌菇醬，搭配豬、雞雙拼叉燒，湯頭層次分明、鮮味十足。不少饕客也指定必嚐他們家的「濃厚魚介冠軍沾麵」與「芳醇干貝雞湯拉麵」，湯底經多道熬煮工序，讓每一口都充滿深度與香氣。',	6,	NULL,	NULL),
(1819,	143,	1,	NULL,	'uploads/images/yZk3Hkn3vTJKkw4svTj2ssF9CGuwjxBrbp1VWZwI.webp',	7,	NULL,	NULL),
(1820,	143,	0,	'null',	'歡慶新店開幕，麵屋一燈準備了超值優惠活動，即日起至5月25日，每日上午10:50起現場發放號碼牌，前15名到店者即可享有免費拉麵一碗（不限口味、任選不加價），讓饕客有機會免費嚐鮮！',	8,	NULL,	NULL),
(1821,	143,	0,	'null',	'此外，活動期間到店掃碼即可獲得「第二碗拉麵半價優惠券」；加入會員的消費者，活動期間還能享有積分雙倍回饋，更棒的是，至6月30日止，只要單筆消費滿500元，即可獲得實體刮刮卡一張（可累贈），最大獎為東京雙人來回機票，其他還有多項餐飲折價券等你來抽，快把握機會吃拉麵、拿好康、再抽東京行！',	9,	NULL,	NULL),
(1822,	143,	1,	NULL,	'uploads/images/7g7uRodI5axWd1uinjuvHwOzx7edAtYOaPkcsFXN.webp',	10,	NULL,	NULL),
(1823,	143,	0,	'null',	'麵屋一燈「台中勤美誠品店」',	11,	NULL,	NULL),
(1824,	143,	0,	'null',	'地址：台中市西區公益路68號B1（勤美誠品綠園道）',	12,	NULL,	NULL),
(1825,	147,	1,	NULL,	'uploads/images/cbMaxpAIx3iER77LfLWRiNCd4PEwrqyVvCcog4Im.webp',	1,	NULL,	NULL),
(1826,	147,	0,	'null',	'位在彰化市民生地下道邊的原台汽客運彰化車站將改建為住宅大樓，建商在未改建前，將既有車站建築做立體彩繪，並供做文創場域，吸引民眾目光。',	2,	NULL,	NULL),
(1827,	146,	1,	'北市部分3線以上道路，仍有「禁行機車」限制。',	'uploads/images/cSX4ivTh5UkCcrmE50dALTIAGiHoZRYlYjztlzWT.webp',	1,	NULL,	NULL),
(1828,	146,	0,	'null',	'民團疾呼機車平權，北市忠孝東路長達10公里，有的區段機車可行駛內線左轉，有的卻要強制待轉，議員批「一路多制」，要騎士騎S型？交通局允改善，忠孝東路6段及7段今年取消內側禁行機車，也正檢討取消二段式左轉的可行性。',	2,	NULL,	NULL),
(1829,	146,	0,	'null',	'忠孝東路共一到七段是北市主要幹道，議員李明賢指出，中山北路到南港區段共被分成6塊，有的區段開放機車可行駛內線、免強制待轉，有的路段卻完全禁止行駛內線，形成「一條道路，多個規定」。',	3,	NULL,	NULL),
(1830,	146,	0,	'null',	'他舉例，忠孝東路6段靠近南港車站CityLink，原先會勘時，交通局同意塗銷內線禁行機車的標線，但道路銑鋪之後，標線又重新繪回去，還把責任推給廠商或業務交接疏失，道路平權、機車路權，北市不能走回頭路。',	4,	NULL,	NULL),
(1831,	146,	0,	'null',	'李明賢說，從交通部前部長王國材到現任部長陳世凱，都說3線道以上道路要逐步開放機車行駛內線，免強制待轉，台北市前柯市長到現在市長蔣萬安，推動全市3車道以上開放機車免強制待轉，共121處，民國112年開放最多，但去年至今開放僅個位數，要求未來北市3線以上車道，機車免待轉的標誌牌，只能減少不能再增設。',	5,	NULL,	NULL),
(1832,	146,	0,	'null',	'黃姓騎士指出，台灣的道路標誌好像「優待」熟悉路況的人，一條路不同路段竟有不同限制，北市府應至少要做到讓整條道路標準一致，若仍有必要設限，標示一定要明顯，且要提早告知，否則發現違規時即時切回去，很容易發生危險。',	6,	NULL,	NULL),
(1833,	146,	0,	'null',	'北市交工處長張建華說，北市會因地制宜來做，政策不會變，一些細節仍有努力改善空間，會加強管控；交通局長謝銘鴻表示，道路平權大家都有共識，只要在安全情形下，會朝此方向來做。',	7,	NULL,	NULL),
(1834,	146,	0,	'null',	'交工處表示，考量北市市區部分路段臨停需求較高、大型車等公車停靠進出頻繁，或是專用道起迄端變換車道等因素干擾，採個案評估是否開放3車道以上道路內側開放機車通行，並一併檢討開放機車直接左轉。',	8,	NULL,	NULL),
(1835,	145,	1,	'新北市防災士在重大災難皆有出勤。圖為去年0403震後巡檢。',	'uploads/images/2bjVnBR8awCLerAY06m70HsQ0qtAlJR7vR6P2P8q.webp',	1,	NULL,	NULL),
(1836,	145,	0,	'null',	'近日天災人禍不斷，三峽發生重大車禍，能夠參與救災與救護的防災士議題再起。新北市防災士目前約1萬人，議員指出，占總人口0.25％比率過低，憂心重大災難難應變，建議強化各區里防災士分布。消防局強調，全國4萬人，新北占1萬人已是最多。',	2,	NULL,	NULL),
(1837,	145,	0,	'null',	'市議員李倩萍說，新北目前防災士僅1萬名左右，明年只編列160萬訓練預算，質疑災難來臨恐難發揮效能。災害發生社區第一線的基礎救援能力至關重要，即便明年目標1萬5000人，仍只占總人口比率0.37%，應提出中長期目標，朝向訓練人口1%邁進。',	3,	NULL,	NULL),
(1838,	145,	0,	'null',	'李倩萍表示，可以發揮關鍵指揮、搶災作用的進階防災士僅7名，有非常大的努力空間，應建立召回訓練與追蹤管理，避免防災士訓練後即失聯。',	4,	NULL,	NULL),
(1839,	145,	0,	'null',	'消防局長陳崇岳指出，新北市今年底防災士能達到1.2萬，明年可達1.5萬，全國人數目前4萬多人，新北市已是全國第一。每年編列約160萬、200萬預算，跟慈濟結合場地，目前包括市府首長、一般民眾與公職人員警消都有接受訓練，替代役、義消防宣姐妹也會納入。',	5,	NULL,	NULL),
(1840,	145,	0,	'null',	'消防局表示，新北防災士協助災害防救工作主要搭配韌性社區運作為主，於颱風或重大地震開設災害應變中心期間，協助韌性社區進行整備、初期應變及災後環境清潔復原作業。',	6,	NULL,	NULL),
(1841,	150,	1,	'iPhone若移至美國製造，成本將激增，售價恐從現在的1000美元飆漲至逾3000美元。',	'uploads/images/YnF6qdd7QNDPYN3XbyBc8xpYd6hH4ojMhiA7qYgq.webp',	1,	NULL,	NULL),
(1842,	150,	0,	'null',	'美國總統川普廿三日稍早在自創社群媒體真實社群發文，揚言若蘋果公司在美國銷售的iPhone不是在美國境內製造，則需付至少百分之廿五的關稅；他同一天下午在白宮對媒體說，不只蘋果，這也將適用於南韓三星等每家智慧型手機公司，「否則不會公平」，可能將在六月底開始生效。',	2,	NULL,	NULL),
(1843,	150,	0,	'null',	'川普擬對在美銷售但非美製的iPhone徵至少百分之廿五關稅，「雅虎財經」廿四日刊登資深專欄作家紐曼評論，提到川普對蘋果等大公司有影響力，但蘋果也有三個選項可因應前述關稅。',	3,	NULL,	NULL),
(1844,	150,	0,	'null',	'紐曼說，蘋果可能不會選擇將iPhone生產遷至美國。蘋果過去主要在中國大陸生產旗艦商品，此後擴展到印度和越南；若川普開始逐一徵關稅，蘋果將無處可逃。但為此將iPhone生產移到美國並不合理，因為這將使成本激增，恐令iPhone售價從現在的一千美元飆漲至逾三千美元（台幣約九點一萬元）。',	4,	NULL,	NULL),
(1845,	150,	0,	'null',	'蘋果剩下三選項，其一是直接承擔百分之廿五關稅，並計算可將多少新增成本轉嫁給消費者。川普若對所有智慧型手機都徵高關稅，蘋果處境會相對好些，或許能將大部分成本轉嫁給消費者。',	5,	NULL,	NULL),
(1846,	150,	0,	'null',	'其二，庫克也許仍能與川普達成某種涉及其他類型國內支出的協議，好讓川普滿意。蘋果二月「宣布」五千億美元的對美投資時，其中部分只是將進行中的計畫彙整起來供川普吹噓，川普也確實這麼做。如今外界深知川普有時會以威脅當籌碼，以換取達成協議好讓自己居功。庫克可能夠聰明，能用川普的手段勝過川普。',	6,	NULL,	NULL),
(1847,	150,	0,	'null',	'其三，蘋果可尋求法律救濟或等待相關裁決出爐。目前至少七項訴訟在進行，挑戰川普以「國家緊急狀態」作為徵關稅的正當理由。若川普對iPhone徵的高關稅要落實，也就是基於緊急狀態授權，但緊急狀態究竟是iPhone太便宜，抑或為了提防美、中開戰，因此iPhone必須在美生產？',	7,	NULL,	NULL),
(1848,	149,	1,	'一艘在紐約哈德遜河上的駁船。示意圖，非文中當事船隻。',	'uploads/images/Pg7jzWeWoJAOnyBhXBQT5vKbtsrw3UQRTgUECQRG.webp',	1,	NULL,	NULL),
(1849,	149,	0,	'null',	'美東時間1:50 pm 更新',	2,	NULL,	NULL),
(1850,	149,	0,	'null',	'24日上午的駁船爆炸意外造成一名工人死亡。',	3,	NULL,	NULL),
(1851,	149,	0,	'null',	'據相關部門稱，傷重不治的是一名59歲男子，他在爆炸時正在焊接駁船的船體。',	4,	NULL,	NULL),
(1852,	149,	0,	'null',	'目前還無法確定他是因爆炸而死亡還是被拋入水中而死亡。',	5,	NULL,	NULL),
(1853,	149,	0,	'null',	'另有兩名工人受傷較輕，被送往醫院。',	6,	NULL,	NULL),
(1854,	149,	0,	'null',	'美東時間12:15 pm',	7,	NULL,	NULL),
(1855,	149,	0,	'null',	'每日郵報（Daily Mail）24日報導，紐約市西38街附近的北河汙水處理廠周六上午約10時30分發生駁船爆炸，一名工人傷勢危急，另一人落入哈德遜河後被救起。',	8,	NULL,	NULL),
(1856,	149,	0,	'null',	'爆炸疑因船隻發生故障，導致甲烷氣體引燃所致。',	9,	NULL,	NULL),
(1857,	149,	0,	'null',	'現場可見直升機在駁船上空盤旋，救援船隻迅速趕抵，展開搜救行動。',	10,	NULL,	NULL),
(1858,	149,	0,	'null',	'危害物處理小組（Hazmat）趕赴現場，進行船體去汙、甲烷濃度檢測，並處理水面上的油汙與汙泥。',	11,	NULL,	NULL),
(1859,	149,	0,	'null',	'目前正逢紐約艦隊周（Fleet Week），活動從5月21日持續至27日。',	12,	NULL,	NULL),
(1860,	148,	1,	'川普在社群平台表示，美鋼和日本製鐵若展開合作，將至少創造7萬個工作機會，為美國帶來140億美元經濟效益。',	'uploads/images/z7AlbzsOGFJe03qW9MDgD2c8X3EjvOUFSfMJgLY4.webp',	1,	NULL,	NULL),
(1861,	148,	0,	'null',	'美國與日本第三輪閣員級關稅談判廿三日在華府的美國貿易代表署（ＵＳＴＲ）總部結束，日方談判代表、經濟再生擔當大臣赤澤亮正，會後表示在預定六月舉行的日、美領袖會談中，能達成某種共識最好。',	2,	NULL,	NULL),
(1862,	148,	0,	'null',	'赤澤廿三日上午待在美國商務部長盧特尼克的私人寓所，兩人會談約九十分鐘，下午再與美國貿易代表葛里爾在ＵＳＴＲ總部開會二小時。',	3,	NULL,	NULL),
(1863,	148,	0,	'null',	'赤澤會後形容，這次協商比此前更深入，並再次強烈要求美方重新評估已宣布的一連串關稅措施。',	4,	NULL,	NULL),
(1864,	148,	0,	'null',	'日本首相石破茂本周（見報為上周）與美國總統川普通話，確認雙方六月將在加拿大召開的七大工業國集團（Ｇ７）峰會場邊會談。',	5,	NULL,	NULL),
(1865,	148,	0,	'null',	'另外，川普廿三日同意日鐵和美鋼建立夥伴關係，美鋼也將留在美國。他廿三日在自創社群媒體真實社群寫道，美鋼總部仍將設在賓州匹茲堡，「可望創造七萬個就業機會，為美國經濟增加一四○億美元」；其中大部分投資將在接下來十四個月內到位。',	6,	NULL,	NULL),
(1866,	148,	0,	'null',	'川普指稱，這是賓州史上最大規模投資，他的關稅政策確保鋼鐵會回流美國製造，且「永遠在美國製造」。',	7,	NULL,	NULL),
(1867,	152,	1,	NULL,	'uploads/images/fWc3ZwLPQqJNRYBmVNq9bnBmiu7GzLCfHokZ32tm.webp',	1,	NULL,	NULL),
(1868,	152,	0,	'null',	'政府清查軍公教人員持有大陸證件，陸委會指出第一波已經有卅七萬一二○三人完成具結，對於日前媒體報導，有教師半年被要求具結高達七次之多，陸委會則強調每人只需具結一次。',	2,	NULL,	NULL),
(1869,	152,	0,	'null',	'陸委會昨天表示，本次專案清查結果，以軍公教核心人員為優先對象，包括總統府、五院等五十二個重要行政機關、國防部所屬以及全國二○九所各級公立學校兼任行政職人員等，計卅七萬一二○三人完成具結，完成率高達百分之九十九點八七，「絕大多數同仁均配合國家法令與政策進行清查工作」。',	3,	NULL,	NULL),
(1870,	152,	0,	'null',	'針對媒體報導教師半年具結七次，陸委會澄清「明顯與事實不符」。據指出，我國公務體系龐大，在同一機關內還存在人事、主計、政風、教育等各種不同體系人員。「各用人體系以行政指導方式函轉要求落實，實屬必然」。但政府自始確立即「每人只需具結一次，不用重複具結」。',	4,	NULL,	NULL),
(1871,	152,	0,	'null',	'政府要求軍公教具結的內容，包含未在大陸領護照與設戶籍、領身分證、定居證或居住證。其中領取大陸護照、身分證均屬違法，但定居證、居住證並未有法律明定，而陸委會四月中旬已以令釋界定領取大陸定居證等同設有戶籍，惟大陸國台辦四月底則指「台胞持有定居證不等於已取得大陸戶籍」。',	5,	NULL,	NULL),
(1872,	152,	0,	'null',	'另，移民署先前寄發一點二萬分通知書給陸配與陸配二代要求補繳除籍證明，海基會副秘書長黎寶文廿三日表示，四月一日至五月廿二日，申請驗證在台灣定居的大陸戶籍公證書的資料有三七四五件，申請補發公證書一一九件，共三八六四件，較去年同期增加逾四倍。',	6,	NULL,	NULL),
(1873,	152,	0,	'null',	'陸委會主委邱垂正日前指出，目前累計一一九二人因具有兩岸雙重戶籍，被註銷我方戶籍，這次清查的陸配已有一七八四人繳附除籍證明，申請具結者至五月廿日共有八八○人、申請延後赴陸有三五二人、各種疑難雜症申請有四八五人。',	7,	NULL,	NULL),
(1874,	153,	1,	NULL,	'uploads/images/WEVEmiC6WJkkMDyNGf2cfsGBXAPFjN2e0k8sGeiq.webp',	1,	NULL,	NULL),
(1875,	153,	0,	'null',	'中共第三艘航母福建艦，近期傳出第八次海試消息後，官媒昨天證實該艦「正在加緊進行海試」，並指福建艦入列（服役）以後，可以大大提升人民海軍近海防禦和遠海護衛作戰的能力。報導也指大陸另一艘航母山東艦也於近日舉行了更貼近實戰化之「飛行保障全流程演練」。',	2,	NULL,	NULL),
(1876,	153,	0,	'null',	'央視新聞報導，與常規航母相比，福建艦採用彈射起飛優勢非常明顯，戰鬥機可以滿載燃料和彈藥起飛，相當於直接提升戰機作戰能力。彈射起飛還可讓航母具備搭載固定翼艦載預警機的能力，從而大幅提升航母的預警探測和對艦載機的空情保障與指揮調度能力。此外，電磁彈射器還可以方便地控制彈射力度，「大到運輸機、預警機，小到無人機的各類機型都能以彈射方式從航母上起飛，使航母的作戰模式更靈活」。',	3,	NULL,	NULL),
(1877,	153,	0,	'null',	'大陸軍事專家曹衛東指出，當採用電磁彈射以後，福建艦每晝夜起降的飛機將可以大幅度上升，海上爭奪制空權、制海權的能力就非常強大。像殲卅五這樣的隱形戰機能夠上艦的也在進行試飛和試驗，「作戰能力就更強」。',	4,	NULL,	NULL),
(1878,	153,	0,	'null',	'公開資料顯示，福建艦自去年五月首次海試，到今年三月已進行七次海試。上海海事局廿日發布航行警告，將廿一日起對長江口部分水域實施交通管制，外界當時推測與福建艦第八次海試有關。外界預估福建艦將於明年下半年服役。',	5,	NULL,	NULL),
(1879,	153,	0,	'null',	'央視昨天上午也播出中共另一航母山東艦開展「更加貼近實戰化」的「飛行保障全流程演練」，報導指出，隨著山東艦航母編隊的戰鬥力不斷躍升，航跡也在不斷延伸刷新。',	6,	NULL,	NULL),
(1880,	153,	0,	'null',	'山東艦是中共第一艘完全自主設計、自主建造、自主配套的航空母艦，二○一九年服役，二○二○年五月開始出海執行軍事任務，同年十二月穿越台海跨區機動；二○二一年五月前往南海，二○二二年八月組織實際使用武器；二○二三年參加共軍對台「聯合利劍」演習；去年十月則與遼寧艦編隊首次開展雙航母編隊演練。',	7,	NULL,	NULL),
(1881,	153,	0,	'null',	'此外，近日共軍南部戰區海軍航空兵某部出動多批次殲十五艦載戰鬥機，組織跨晝夜飛行訓練，展開「攻擊敵海上目標、空中護航、對抗空戰」等實戰化課目。該部領導稱，此次訓練「聚焦實戰實訓，真打實備」。',	8,	NULL,	NULL),
(1882,	151,	1,	'大陸總理李強（左）昨天下午抵達雅加達進行對印尼國事訪問，當地官方在機場迎接。',	'uploads/images/WMHJunIhsvLZXpoktthay1ihQxLebImJZWpcvVC1.jpg',	1,	NULL,	NULL),
(1883,	151,	0,	'null',	'大陸總理李強昨天搭包機赴印尼國事訪問。李強抵達雅加達後表示，中國和印尼作為發展中大國和全球南方重要力量，應當進一步弘揚萬隆精神，推動各方踐行真正的多邊主義。分析指出，李強此行顯示中國將深化與全球南方國家的經濟和外交關係。',	2,	NULL,	NULL),
(1884,	151,	0,	'null',	'這是李強今年首度出訪，時間點在中共召開中央周邊工作會議，以及大陸國家主席習近平四月訪問越南、馬來西亞和柬埔寨之後。',	3,	NULL,	NULL),
(1885,	151,	0,	'null',	'新華社報導，李強發表書面談話指出，中國和印尼是隔海相望的「友好鄰邦」、命運與共的「親密夥伴」。建交七十五年來，雙方樹立了「發展中大國」聯合自強、互利共贏的典範。李強並指出，今年是萬隆會議召開七十周年，「萬隆精神」已經成為國際關係的重要準則。他強調，中國和印尼作為發展中大國和全球南方重要力量，應當進一步弘揚「萬隆精神」，推動各方踐行真正的多邊主義，共促共享繁榮。',	4,	NULL,	NULL),
(1886,	151,	0,	'null',	'雅加達環球報援引印尼總統秘書處消息指，普拉伯沃總統將於周日上午在總統府獨立宮與李強會晤。印尼廣播電台則引述印尼外交部發言人蘇米拉特消息稱，李強還將出席商界晚宴，此訪也將簽署印中衛生、旅遊和出口協議等多領域備忘錄。',	5,	NULL,	NULL),
(1887,	151,	0,	'null',	'新加坡聯合早報引述新加坡尤索夫伊薩東南亞研究院資深研究員劉敏麗評估，李強和普拉伯沃會面時，可能就區域局勢交換意見，但敏感雙邊問題如納土納群島海域問題則不會提出重大解決方案。',	6,	NULL,	NULL),
(1888,	151,	0,	'null',	'大陸外交部先前宣布，李強廿六日結束印尼的行程，轉赴馬來西亞吉隆坡出席「東協—大陸—海合會峰會」。',	7,	NULL,	NULL),
(1889,	151,	0,	'null',	'聯合早報報導，新加坡尤索夫伊薩東南亞研究院亞細安研究中心兼任項目主任林薇伶分析，李強此行顯示大陸有意深化與全球南方國家的經濟和外交關係，特別是東南亞和海灣地區。這也反映北京重視這個多邊平台，尤其是面對美國不斷加大限制技術、貿易和資本流動，東協—中國—海合會峰會有助於北京擴大多元化夥伴關係。',	8,	NULL,	NULL),
(1890,	151,	0,	'null',	'從地緣政治角度看，林薇伶指出，李強出席峰會，能進一步強化「中國願與志同道合夥伴合作，共同抵制經濟碎片化和單邊主義，並提供有別於傳統西方框架之外的發展和貿易夥伴關係」的論述。',	9,	NULL,	NULL),
(1891,	151,	0,	'null',	'在與海合會對話方面，尤索夫伊薩東南亞研究院高級研究員黎良福指出，中美博弈加劇之際，中東成為大陸極力爭取的對象，北京不只看中海灣國家市場可吸納大陸出口，也希望爭取海灣國家到大陸投資，就像美國總統川普爭取到海灣國家承諾赴美投資。',	10,	NULL,	NULL),
(1892,	154,	0,	'null',	'新北市板橋區館前西路1間燒烤店，1日晚間9時許突然發生火警，大量黑煙不斷從燒烤店竄出。新北市消防局獲報派遣27車52名消防員前往灌救，火勢於20分鐘內撲滅，所幸並無人員受傷。初判疑似是排油煙管燃燒，確切起火原因及財損仍待釐清。',	2,	NULL,	NULL),
(1893,	154,	1,	'新北市板橋一間燒烤店1日晚間突發火警，消防局獲報派遣大批人車前往灌救。',	'uploads/images/vlyvl69xr9MLZAy725wOA7He6gprqSZ1k160B0dH.webp',	1,	NULL,	NULL),
(1894,	155,	1,	'金錢豹女服務生顏子娠在2017年底酒、毒駕撞死陳姓烘焙師，今年申請假釋。',	'uploads/images/uAB3bcRyDzDnWMe03i04uyOJ6jGWuJk3v1Ccylb9.webp',	1,	NULL,	NULL),
(1895,	155,	0,	'null',	'金錢豹女服務生顏子娠酒、毒駕撞死陳姓烘焙師，今年申請假釋，死者胞姐陳昱芳今發文提到，家人已放棄對顏女千萬的債權，主因是漏注意該債權有5年的時效，提醒民眾有類似狀況需留意，引發是否應有「司法時效提醒機制」討論。法界人士看法不一，有人建議可在法院文書的例稿中，增註提醒，也有人認為可循法院訴訟輔導科、法扶律師機制洽詢。',	2,	NULL,	NULL),
(1896,	155,	0,	'null',	'台東地院前院長、律師唐光義說，民事事件的各種債權，都有請求權時效的規定，只要時效經過，對方訴訟上為時效抗辯，就無法求償，當事人需留意。若站在保護犯罪被害人的立場，或許司法院、法務部，可研議提醒機制，例如透過犯罪被害人保護協會，向被害人特別告知，或在法院的債權憑證中，加註時效期限內換發警語。',	3,	NULL,	NULL),
(1897,	155,	0,	'null',	'台中地院前法官、律師江彥儀建議，訴訟當事人應自行注意債權時效，法院有訴訟輔導科、法扶律師等機制，可諮詢的管道多，若有不清楚之處，可透過該管道洽詢，即可確保自身權益，無需再增設相關機制。',	4,	NULL,	NULL),
(1898,	155,	0,	'null',	'彰化地檢署前檢察官、律師陳宗元說，民事訴訟的主張時效年限，會因狀況不同而有不同年限，一般債權是15年、侵權行為是2年、侵權行為的債權憑證是5年，若要法院書記官在發出相關證明書或債權證明時，根據不同個案，提醒各債權的時效，恐怕又會增加法院負擔，現行法規也無規定。',	5,	NULL,	NULL),
(1899,	155,	0,	'null',	'陳昱芳說，將放棄債權的過程，在網路發文詳細分享的原因，是希望提供自身案例給其他被害人家屬參考，不要讓自己的權益睡著。通常加害人若名下無財產，加害人入監後，就算取得債權證明，加害人名下無可供強制執行之財務，被害人家屬就算在時限內申請，也無意義。',	6,	NULL,	NULL),
(1900,	155,	0,	'null',	'她認為，此案強制執行的費用是債權的千分之八，需要繳交8萬餘元，若加害人可供強制執行的財務，未達此數，聲請強制執行也無意義，父母不希望再與顏女周旋，決定放棄債權主張。',	7,	NULL,	NULL),
(1901,	155,	0,	'null',	'她分享，法院的「民事判決確定證明書」，無提醒時效的註記，若能增註，或許也能提醒民眾。',	8,	NULL,	NULL),
(1902,	156,	1,	'邱姓男子日前無照駕車在台北市中正區重慶南路上追撞6車釀8傷。',	'uploads/images/3YKafy8akJA3N8DEt1sxil9SFd12Yy1fgwZBl0F4.webp',	1,	NULL,	NULL),
(1903,	156,	0,	'null',	'貿易商邱姓老翁日前無照駕車在台北市中正區重慶南路追撞6車釀8傷，原僅有傷勢最重的劉姓老翁女兒向警方提告邱男涉嫌傷害罪，遭撞的特斯拉車主李姓男子今深夜也正式提告邱男過失傷害罪，邱5月28日狀況回穩、從加護病房轉入普通病房，警方將待其出院後通知他到案調查，依法送辦。',	2,	NULL,	NULL),
(1904,	156,	0,	'null',	'全案源於，經營日系鋼材進口公司的78歲邱男，5月23日下午無照駕駛汽車行經重慶南路一段，經漢口街時衝撞前方2輛行進中機車，闖紅燈衝撞過路行人，又撞上一輛706路公車及3輛汽車才停下。',	3,	NULL,	NULL),
(1905,	156,	0,	'null',	'事故導致2名機車騎士四肢擦傷、行人79歲劉姓男子重摔、右小腿骨折、2名汽車駕駛胸部及腿部疼痛，由於衝撞力道巨大，邱男車輛車頭全毀，安全氣囊爆開，他也一度昏迷受困，現場民眾介入後才協助脫困。',	4,	NULL,	NULL),
(1906,	156,	0,	'null',	'警方介入後確認，邱男酒測值為0，初步針對邱男無照部分製單舉發，其餘違規待交通事故鑑定結果確定後將另研判開罰；全案傷勢最重的劉男女兒，案發隔日即對邱男提告傷害罪，另名遭撞的特斯拉汽車車主、年約45歲的李姓男子今晚10時許也到警所完成筆錄，正式對邱男提告過失傷害罪。',	5,	NULL,	NULL),
(1907,	159,	1,	'韓韶禧首度舉辦粉絲見面會，將於8月2日在台北「LEGACY TERA」與粉絲們相見。',	'uploads/images/SQqBR90vPQyG6AzfqissnfcvAXW4jwHtZWDV2OyV.webp',	1,	NULL,	NULL),
(1908,	159,	0,	'null',	'以超寵粉著稱，曾說過「我最至親的存在…你們對我來說是最閃耀的珍寶！」的韓國女神韓韶禧將首次舉辦粉絲見面會，並於8月2日在台北「LEGACY TERA」與粉絲們相見。',	2,	NULL,	NULL),
(1909,	159,	0,	'null',	'這次「2025 HAN SO HEE 1ST FANMEETING WORLD TOUR [Xohee Loved Ones,] in TAIPEI」是她演藝生涯首場粉絲見面會，從曼谷起跑，將走訪東京、台北、洛杉磯、紐約、香港、法蘭克福、倫敦、巴黎與柏林等城市，最終站則在首爾舉行。',	3,	NULL,	NULL),
(1910,	159,	0,	'null',	'從《夫妻的世界》以最美小三爆紅，到《以吾之名》、《京城怪物》，挑戰百變角色征服觀眾，每部作品中的韓韶禧都給人全新印象，展現不同風貌的她。這次為寵粉更特別排開行程，就是要親自感謝全球粉絲。',	4,	NULL,	NULL),
(1911,	159,	0,	'null',	'台灣見面會票價與福利也正式公開，分為VIP區5,880元、A區5,280元、B區4,880元、身心區2,440元，全區採實名制，於KKTIX開賣。寵粉福利當然也沒少，只要在7月11日PM23：59前完成購票程序且無退票者，即有機會參加福利抽選，包括全場皆可獲得官方典藏限定小卡乙張與海報乙張，以及親簽海報共50張、10人一組團體合照共200名與VIP區全享HI-TOUTH擊掌。',	5,	NULL,	NULL),
(1912,	159,	1,	'韓韶禧台北見面會票價福利內容公開。',	'uploads/images/auzvF4UF7GhnUG7LztrWEo6aYDs5lZRPlCBbUM5Q.webp',	6,	NULL,	NULL),
(1913,	159,	1,	'韓韶禧以百變角色征服觀眾。',	'uploads/images/4KXyTOb2KT2xAbZAaoUe20CaLgKaRMik2G4f2rMu.webp',	7,	NULL,	NULL),
(1914,	159,	1,	'韓韶禧以百變角色征服觀眾。',	'uploads/images/KSaEYuxkwwTNfyezVn36JshploEVAgI2yj2tmt90.webp',	8,	NULL,	NULL);

DROP TABLE IF EXISTS `migrations`;
CREATE TABLE `migrations` (
  `id` int(10) unsigned NOT NULL AUTO_INCREMENT,
  `migration` varchar(255) COLLATE utf8mb4_unicode_ci NOT NULL,
  `batch` int(11) NOT NULL,
  PRIMARY KEY (`id`)
) ENGINE=InnoDB DEFAULT CHARSET=utf8mb4 COLLATE=utf8mb4_unicode_ci;

INSERT INTO `migrations` (`id`, `migration`, `batch`) VALUES
(1,	'2025_03_30_150802_create_staff_table',	1),
(2,	'2025_02_22_135627_create_categories_table',	2),
(3,	'2014_10_12_000000_create_users_table',	3),
(4,	'2014_10_12_100000_create_password_reset_tokens_table',	3),
(5,	'2019_08_19_000000_create_failed_jobs_table',	3),
(6,	'2019_12_14_000001_create_personal_access_tokens_table',	3),
(7,	'2025_02_22_135521_create_reporters_table',	3),
(8,	'2025_02_22_135529_create_editors_table',	3),
(9,	'2025_02_22_135540_create_news_table',	3),
(10,	'2025_02_22_135553_create_friendly_versions_table',	3),
(11,	'2025_02_22_135604_create_favorites_table',	3),
(12,	'2025_02_22_135617_create_image_text_paragraphs_table',	3);

DROP TABLE IF EXISTS `news`;
CREATE TABLE `news` (
  `id` bigint(20) unsigned NOT NULL AUTO_INCREMENT,
  `category_id` bigint(20) unsigned NOT NULL,
  `reporter_id` bigint(20) unsigned NOT NULL,
  `editor_id` bigint(20) unsigned NOT NULL,
  `title` varchar(255) COLLATE utf8mb4_unicode_ci NOT NULL,
  `status` int(11) NOT NULL DEFAULT '0',
  `web_version` varchar(255) COLLATE utf8mb4_unicode_ci DEFAULT NULL,
  `word_version` varchar(255) COLLATE utf8mb4_unicode_ci DEFAULT NULL,
  `created_at` timestamp NULL DEFAULT NULL,
  `updated_at` timestamp NULL DEFAULT NULL,
  PRIMARY KEY (`id`),
  KEY `news_category_id_foreign` (`category_id`),
  KEY `news_reporter_id_foreign` (`reporter_id`),
  KEY `news_editor_id_foreign` (`editor_id`),
  CONSTRAINT `news_category_id_foreign` FOREIGN KEY (`category_id`) REFERENCES `categories` (`id`) ON DELETE CASCADE,
  CONSTRAINT `news_editor_id_foreign` FOREIGN KEY (`editor_id`) REFERENCES `editors` (`id`) ON DELETE CASCADE,
  CONSTRAINT `news_reporter_id_foreign` FOREIGN KEY (`reporter_id`) REFERENCES `reporters` (`id`) ON DELETE CASCADE
) ENGINE=InnoDB DEFAULT CHARSET=utf8mb4 COLLATE=utf8mb4_unicode_ci;

INSERT INTO `news` (`id`, `category_id`, `reporter_id`, `editor_id`, `title`, `status`, `web_version`, `word_version`, `created_at`, `updated_at`) VALUES
(2,	1,	1,	1,	'洋基小將沃爾普用魚雷棒6戰4轟大爆發 是運氣還是真實力？',	2,	NULL,	NULL,	'2025-03-30 07:55:49',	'2025-05-04 10:58:34'),
(3,	1,	1,	1,	'日職／石川雅規神獸級紀錄將近 岸孝之連19年勝投虎視眈眈',	4,	NULL,	NULL,	NULL,	'2025-04-25 11:45:17'),
(4,	1,	2,	1,	'雷霆挑戰史上第三支季賽70勝並非不可能 關鍵對湖人二連戰',	2,	NULL,	NULL,	'2025-03-30 09:39:40',	'2025-05-28 10:06:15'),
(5,	1,	1,	1,	'佐佐木朗希旅美控球大暴走 松坂、達比修等多位前輩也經歷過',	3,	NULL,	NULL,	'2025-03-30 09:41:41',	'2025-04-25 11:45:23'),
(6,	2,	2,	1,	'「Good Day」刪光金秀賢！製作組「簡單粗暴」解決他',	2,	NULL,	NULL,	NULL,	'2025-04-25 11:45:26'),
(7,	2,	1,	1,	'宥勝性騷官司落幕 一身白宣告復出首支影片曝光',	2,	NULL,	NULL,	'2025-03-30 11:14:53',	'2025-05-02 08:41:33'),
(8,	2,	2,	1,	'台股迎來史詩級崩盤！ 唐綺陽親洩「3個關鍵時間點」',	2,	NULL,	NULL,	NULL,	'2025-04-25 11:47:17'),
(9,	2,	1,	1,	'台股重挫Joeman成受災戶 真的吃土他驚呼「跌瘋了」',	2,	NULL,	NULL,	NULL,	'2025-04-25 11:47:20'),
(10,	2,	2,	1,	'獨／豬哥亮愛女認了「離開台灣」！吐巨額保險內幕',	2,	NULL,	NULL,	NULL,	'2025-05-24 09:41:25'),
(11,	3,	1,	1,	'證交所明示「零股可開放補繳融資擔保」？ 小資族別高興太早',	2,	NULL,	NULL,	NULL,	'2025-04-25 11:47:25'),
(12,	3,	2,	1,	'愈挫愈勇！全球股市大屠殺 11檔海外ETF衝出史上天量',	2,	NULL,	NULL,	NULL,	'2025-04-25 11:47:31'),
(13,	3,	1,	1,	'台股狂殺逾2,000點 新台幣匯率為何戲劇化「貶翻升」？',	2,	NULL,	NULL,	NULL,	'2025-04-25 11:47:34'),
(14,	3,	3,	1,	'廣達董事長林百里、副董事長梁次震 單日持股市值共蒸發逾114億元',	2,	NULL,	NULL,	NULL,	'2025-04-25 11:47:37'),
(15,	3,	1,	1,	'證交所曝936檔股票明平盤以下禁止放空 降低震盪的風險',	2,	NULL,	NULL,	NULL,	'2025-04-25 11:47:39'),
(16,	4,	3,	1,	'拖板車路過高雄岡山省道陷入天坑 工務局說話了',	2,	NULL,	NULL,	NULL,	'2025-04-25 11:47:42'),
(17,	4,	3,	1,	'嘉義又有網紅遭潑漆 警方調查中',	2,	NULL,	NULL,	NULL,	'2025-04-27 11:49:01'),
(18,	4,	1,	1,	'影／酒駕開曳引車自撞分隔島 司機跳車躲里港大橋下被逮',	2,	NULL,	NULL,	NULL,	'2025-04-27 11:55:58'),
(19,	4,	2,	1,	'女大生倒臥淡水租屋處無生命跡象 命危送醫搶救中',	2,	NULL,	NULL,	NULL,	'2025-04-25 11:47:52'),
(20,	4,	1,	1,	'男子沒證照在網路平台當股市老師 收會員半年進帳357萬元',	2,	NULL,	NULL,	NULL,	'2025-04-25 11:47:55'),
(120,	8,	1,	1,	'一秒掉進貓宇宙！板橋人氣貓咖「10幾隻萌喵超黏人」全程陪吃幸福度爆表',	2,	'',	'uploads/word/Ri3XOaGUFRiYqLSGfu5l5ePTHcoCZTpMMifZdJHv.docx',	'2025-05-24 00:34:34',	'2025-05-24 00:42:15'),
(121,	8,	1,	1,	'同地點又被拍！瑞士測速相機拍下「違規超速鴨」 警方傻眼：疑似慣犯',	2,	NULL,	NULL,	'2025-05-24 00:44:59',	'2025-05-24 09:42:35'),
(122,	8,	1,	1,	'野外僅存16隻…攝影機罕見拍下「剛出生6胞胎」專家好興奮',	2,	NULL,	NULL,	'2025-05-24 00:46:54',	'2025-05-24 09:42:34'),
(136,	5,	3,	1,	'高雄房價急跌、這區跌16%最重 僅剩2富人區守住',	2,	NULL,	NULL,	'2025-05-24 09:34:33',	'2025-05-24 09:41:29'),
(137,	5,	3,	1,	'新竹房客男友屋內輕生成凶宅 房東索賠300萬...這原因敗訴',	2,	NULL,	NULL,	'2025-05-24 09:37:46',	'2025-05-24 09:41:28'),
(138,	5,	3,	1,	'浴室做1裝潢風格2年後像廢墟 一票人搖頭：笨蛋才做',	2,	NULL,	NULL,	'2025-05-24 09:39:32',	'2025-05-24 09:41:27'),
(139,	6,	2,	1,	'想活到100歲未必憑運氣！醫學專家曝培養一習慣「比上健身房更有用」',	2,	NULL,	NULL,	'2025-05-24 09:43:55',	'2025-05-24 10:02:36'),
(140,	6,	2,	1,	'昂貴的冰淇淋是智商稅還是真的比較營養？專家曝關鍵在於一成分',	2,	NULL,	NULL,	'2025-05-24 09:44:05',	'2025-05-24 10:02:36'),
(141,	6,	2,	1,	'洋蔥是增強免疫聖品「吃太多恐頭疼胃痛」營養師揭每日食用上限',	2,	NULL,	NULL,	'2025-05-24 09:44:14',	'2025-05-24 10:02:37'),
(142,	7,	3,	1,	'迎夏搶吃新冰！ CREMIA日茶新口味「焙茶霜淇淋」雙強登場、小美「紅粉玫瑰冰品」時尚感爆棚',	2,	NULL,	NULL,	'2025-05-24 10:06:38',	'2025-05-24 10:28:16'),
(143,	7,	3,	1,	'免費吃拉麵快衝！ 東京拉麵王「麵屋一燈」插旗台中勤美 霸氣開幕優惠送拉麵＋半價券',	2,	NULL,	NULL,	'2025-05-24 10:06:48',	'2025-05-24 10:28:33'),
(144,	7,	3,	1,	'夏日追雲超療癒！ 薰衣草森林聯名人氣IP「雲朵阿Q」 清爽打造森林系「緩慢追雲季」',	2,	NULL,	NULL,	'2025-05-24 10:06:57',	'2025-05-24 10:28:32'),
(145,	9,	3,	1,	'新北防災士1萬人遭疑比率低 消防局：已是全國最多',	2,	NULL,	NULL,	'2025-05-24 10:15:49',	'2025-05-24 10:28:31'),
(146,	9,	3,	1,	'北市忠孝東路挨批一路多制 交通局允個案評估改善',	2,	NULL,	NULL,	'2025-05-24 10:16:02',	'2025-05-24 10:28:30'),
(147,	9,	3,	1,	'廣角鏡／原台汽客運彰化車站 彩繪變身',	2,	NULL,	NULL,	'2025-05-24 10:16:11',	'2025-05-24 10:28:29'),
(148,	10,	2,	1,	'川普點頭…美鋼與日鐵結盟 總部仍留在美國',	2,	NULL,	NULL,	'2025-05-24 10:19:30',	'2025-05-24 10:28:23'),
(149,	10,	2,	1,	'紐約哈德遜河駁船爆炸 1死2傷',	2,	NULL,	NULL,	'2025-05-24 10:19:41',	'2025-05-24 10:28:22'),
(150,	10,	2,	1,	'若非在美生產…川普：iPhone課25%關稅 三星也適用',	2,	NULL,	NULL,	'2025-05-24 10:19:48',	'2025-05-24 10:28:21'),
(151,	11,	2,	1,	'李強抵雅加達 今會印尼總統普拉伯沃',	2,	NULL,	NULL,	'2025-05-24 10:23:45',	'2025-05-24 10:28:20'),
(152,	11,	2,	1,	'首波清查軍公教具結無大陸證件 逾99%完成',	2,	NULL,	NULL,	'2025-05-24 10:24:23',	'2025-05-24 10:28:19'),
(153,	11,	2,	1,	'陸航母福建艦 央視：正加緊海試',	2,	NULL,	NULL,	'2025-05-24 10:25:55',	'2025-05-24 10:28:17'),
(154,	4,	1,	1,	'板橋燒烤店晚間失火猛竄大量濃煙 疑排油煙管燃燒釀禍',	2,	NULL,	NULL,	'2025-06-01 10:10:14',	'2025-06-01 10:11:09'),
(155,	4,	1,	1,	'司法提醒機制？酒女千萬債權 受害家屬漏注意時效放棄求償',	2,	NULL,	NULL,	'2025-06-01 10:11:46',	'2025-06-01 10:14:48'),
(156,	4,	1,	1,	'北市翁無照追撞6車釀8傷 遭撞特斯拉車主深夜正式提告',	2,	NULL,	NULL,	'2025-06-01 10:13:33',	'2025-06-01 10:14:51'),
(159,	2,	1,	1,	'韓韶禧台北見面會票價福利公開 VIP區5880元簽名、擊掌、小卡全收',	0,	NULL,	NULL,	'2025-06-01 11:15:05',	'2025-06-01 11:15:05'),
(160,	10,	1,	1,	'德漢堡一間醫院高齡病房突然起火 已知3死逾50傷',	0,	NULL,	NULL,	'2025-06-01 11:17:08',	'2025-06-01 11:17:08');

DROP TABLE IF EXISTS `password_reset_tokens`;
CREATE TABLE `password_reset_tokens` (
  `email` varchar(255) COLLATE utf8mb4_unicode_ci NOT NULL,
  `token` varchar(255) COLLATE utf8mb4_unicode_ci NOT NULL,
  `created_at` timestamp NULL DEFAULT NULL,
  PRIMARY KEY (`email`)
) ENGINE=InnoDB DEFAULT CHARSET=utf8mb4 COLLATE=utf8mb4_unicode_ci;


DROP TABLE IF EXISTS `personal_access_tokens`;
CREATE TABLE `personal_access_tokens` (
  `id` bigint(20) unsigned NOT NULL AUTO_INCREMENT,
  `tokenable_type` varchar(255) COLLATE utf8mb4_unicode_ci NOT NULL,
  `tokenable_id` bigint(20) unsigned NOT NULL,
  `name` varchar(255) COLLATE utf8mb4_unicode_ci NOT NULL,
  `token` varchar(64) COLLATE utf8mb4_unicode_ci NOT NULL,
  `abilities` text COLLATE utf8mb4_unicode_ci,
  `last_used_at` timestamp NULL DEFAULT NULL,
  `expires_at` timestamp NULL DEFAULT NULL,
  `created_at` timestamp NULL DEFAULT NULL,
  `updated_at` timestamp NULL DEFAULT NULL,
  PRIMARY KEY (`id`),
  UNIQUE KEY `personal_access_tokens_token_unique` (`token`),
  KEY `personal_access_tokens_tokenable_type_tokenable_id_index` (`tokenable_type`,`tokenable_id`)
) ENGINE=InnoDB DEFAULT CHARSET=utf8mb4 COLLATE=utf8mb4_unicode_ci;


DROP TABLE IF EXISTS `reporters`;
CREATE TABLE `reporters` (
  `id` bigint(20) unsigned NOT NULL AUTO_INCREMENT,
  `staff_id` bigint(20) unsigned NOT NULL,
  `created_at` timestamp NULL DEFAULT NULL,
  `updated_at` timestamp NULL DEFAULT NULL,
  PRIMARY KEY (`id`),
  KEY `reporters_staff_id_foreign` (`staff_id`),
  CONSTRAINT `reporters_staff_id_foreign` FOREIGN KEY (`staff_id`) REFERENCES `staff` (`id`) ON DELETE CASCADE
) ENGINE=InnoDB DEFAULT CHARSET=utf8mb4 COLLATE=utf8mb4_unicode_ci;

INSERT INTO `reporters` (`id`, `staff_id`, `created_at`, `updated_at`) VALUES
(1,	1,	NULL,	NULL),
(2,	3,	NULL,	NULL),
(3,	5,	NULL,	NULL);

DROP TABLE IF EXISTS `staff`;
CREATE TABLE `staff` (
  `id` bigint(20) unsigned NOT NULL AUTO_INCREMENT,
  `name` varchar(255) COLLATE utf8mb4_unicode_ci NOT NULL,
  `email` varchar(255) COLLATE utf8mb4_unicode_ci NOT NULL,
  `password` varchar(255) COLLATE utf8mb4_unicode_ci NOT NULL,
  `role` tinyint(4) NOT NULL,
  `created_at` timestamp NULL DEFAULT NULL,
  `updated_at` timestamp NULL DEFAULT NULL,
  `is_active` tinyint(1) NOT NULL DEFAULT '1',
  PRIMARY KEY (`id`),
  UNIQUE KEY `staff_email_unique` (`email`)
) ENGINE=InnoDB DEFAULT CHARSET=utf8mb4 COLLATE=utf8mb4_unicode_ci;

INSERT INTO `staff` (`id`, `name`, `email`, `password`, `role`, `created_at`, `updated_at`, `is_active`) VALUES
(1,	'小四',	'reporter@gmail.com',	'$2y$12$ReMiNy.PG5OUkT9X83.equfgm9IOEJKBv8RX.w.OzTP2A79LZKLxO',	0,	NULL,	NULL,	1),
(2,	'小五',	'editor@gmail.com',	'$2y$12$ReMiNy.PG5OUkT9X83.equfgm9IOEJKBv8RX.w.OzTP2A79LZKLxO',	1,	NULL,	NULL,	1),
(3,	'小六',	'reporter1@gmail.com',	'$2y$12$ReMiNy.PG5OUkT9X83.equfgm9IOEJKBv8RX.w.OzTP2A79LZKLxO',	0,	NULL,	NULL,	1),
(5,	'小七',	'reporter2@gmail.com',	'$2y$12$ReMiNy.PG5OUkT9X83.equfgm9IOEJKBv8RX.w.OzTP2A79LZKLxO',	0,	NULL,	NULL,	1);

DROP TABLE IF EXISTS `users`;
CREATE TABLE `users` (
  `id` bigint(20) unsigned NOT NULL AUTO_INCREMENT,
  `name` varchar(255) COLLATE utf8mb4_unicode_ci NOT NULL,
  `email` varchar(255) COLLATE utf8mb4_unicode_ci NOT NULL,
  `email_verified_at` timestamp NULL DEFAULT NULL,
  `password` varchar(255) COLLATE utf8mb4_unicode_ci NOT NULL,
  `remember_token` varchar(100) COLLATE utf8mb4_unicode_ci DEFAULT NULL,
  `created_at` timestamp NULL DEFAULT NULL,
  `updated_at` timestamp NULL DEFAULT NULL,
  PRIMARY KEY (`id`),
  UNIQUE KEY `users_email_unique` (`email`)
) ENGINE=InnoDB DEFAULT CHARSET=utf8mb4 COLLATE=utf8mb4_unicode_ci;

INSERT INTO `users` (`id`, `name`, `email`, `email_verified_at`, `password`, `remember_token`, `created_at`, `updated_at`) VALUES
(1,	'小明',	'123@gmail.com',	NULL,	'$2y$12$ReMiNy.PG5OUkT9X83.equfgm9IOEJKBv8RX.w.OzTP2A79LZKLxO',	NULL,	'2025-03-30 07:32:25',	'2025-03-30 07:32:25'),
(2,	'小王',	'555@gmail.com',	NULL,	'$2y$12$3K9NXQE4koFksibxntegwuBzsBPq8O8UYgDUUSBXPhk5GmeFe6Z4K',	NULL,	'2025-05-04 11:36:53',	'2025-05-04 11:36:53');

-- 2025-09-02 08:30:40
